id,age,region,industry,company_size,acquisition_channel,visits_30d,emails_opened_30d,avg_session_min,support_tickets_90d,last_purchase_days,orders_12m,total_spend_12m,converted,cluster
1,22.0,Northeast,Finance,201-1000,ads,8,0,3.58,0,87,0,572.79,0,1
2,58.0,Midwest,Education,11-50,ads,3,3,4.68,1,20,2,292.04,1,1
3,,Northeast,Finance,201-1000,web,5,3,2.78,0,14,1,21.51,0,1
4,40.0,Northeast,Finance,11-50,web,11,3,5.45,0,149,3,803.49,0,0
5,,South,Healthcare,51-200,ads,5,2,5.23,1,23,2,783.64,0,1
6,62.0,Midwest,E-commerce,1-10,ads,10,2,8.64,1,77,1,772.1,0,1
7,22.0,West,E-commerce,51-200,ads,7,3,6.31,2,23,1,601.05,0,2
8,54.0,Midwest,,1-10,web,5,3,6.03,1,63,0,882.84,0,1
9,28.0,South,SaaS,1-10,ads,9,0,5.66,2,86,3,271.25,0,1
10,22.0,South,SaaS,51-200,web,11,4,4.19,2,10,2,774.99,0,2
11,45.0,South,Healthcare,11-50,web,11,3,8.46,1,11,3,1346.42,0,2
12,68.0,South,Education,1-10,ads,4,0,9.16,0,23,4,1023.63,0,1
13,56.0,South,Finance,1000+,partner,4,3,3.83,1,33,3,237.23,0,1
14,57.0,West,Finance,1-10,partner,12,4,10.06,2,4,1,734.53,1,2
15,55.0,Midwest,Finance,51-200,events,7,2,5.02,2,39,2,779.02,0,1
16,58.0,Northeast,SaaS,51-200,events,9,5,4.84,2,22,3,646.76,1,2
17,44.0,South,E-commerce,11-50,referral,9,4,7.54,2,29,3,657.69,0,2
18,24.0,West,SaaS,51-200,partner,14,3,7.74,2,81,4,248.44,0,2
19,61.0,Northeast,Education,1-10,web,7,1,6.34,2,314,3,326.22,0,0
20,41.0,Midwest,Education,201-1000,events,5,5,5.74,1,69,3,354.23,0,1
21,44.0,West,E-commerce,11-50,referral,8,3,9.08,0,59,1,305.33,0,1
22,37.0,South,E-commerce,1-10,partner,7,6,5.13,1,82,1,776.13,0,2
23,27.0,West,E-commerce,11-50,events,9,5,6.35,4,115,1,940.74,0,2
24,66.0,South,Manufacturing,1000+,partner,7,3,10.23,1,56,3,472.3,0,1
25,58.0,South,Healthcare,201-1000,events,9,3,3.56,0,72,6,360.46,0,1
26,51.0,Midwest,Education,1000+,web,5,3,5.49,0,44,3,681.96,0,1
27,38.0,West,Healthcare,51-200,web,6,1,8.76,2,40,3,663.92,0,1
28,60.0,Midwest,Education,51-200,partner,13,0,7.66,3,19,1,692.24,0,1
29,46.0,South,Finance,51-200,ads,11,4,8.47,1,30,3,752.89,0,2
30,41.0,Midwest,E-commerce,1000+,web,5,5,3.59,2,119,2,492.48,0,1
31,41.0,South,Manufacturing,51-200,partner,7,1,7.21,1,50,1,634.87,1,1
32,29.0,South,Education,11-50,web,9,2,5.87,1,9,2,860.97,1,2
33,22.0,South,Education,51-200,events,9,2,11.5,3,38,2,722.54,1,2
34,46.0,West,Manufacturing,51-200,web,12,3,8.28,3,134,4,420.31,0,0
35,64.0,Midwest,E-commerce,1-10,ads,7,0,6.45,0,16,3,569.13,0,1
36,21.0,South,SaaS,11-50,events,6,3,7.13,0,80,6,349.42,0,0
37,62.0,Midwest,Finance,11-50,ads,10,3,6.62,0,210,0,971.14,0,0
38,61.0,Midwest,,201-1000,partner,10,0,8.04,1,27,4,770.09,1,1
39,32.0,Midwest,Healthcare,11-50,partner,6,4,4.62,2,39,3,1193.06,0,2
40,50.0,Northeast,E-commerce,201-1000,events,8,2,9.5,0,93,7,911.49,0,0
41,26.0,Northeast,Healthcare,11-50,ads,10,3,3.59,1,14,1,1019.12,1,2
42,57.0,South,Healthcare,201-1000,events,9,2,6.95,1,103,3,650.1,0,0
43,54.0,South,Healthcare,1-10,ads,6,3,4.69,0,25,1,446.93,0,1
44,36.0,South,Education,1000+,events,3,3,6.59,0,0,3,275.68,0,1
45,21.0,Northeast,Finance,51-200,partner,11,0,8.67,3,222,5,211.64,0,0
46,68.0,Midwest,Healthcare,11-50,web,7,3,2.73,0,34,2,814.06,0,1
47,,Northeast,SaaS,11-50,partner,7,3,6.13,1,44,1,562.42,0,1
48,64.0,West,Finance,11-50,events,7,5,3.33,1,17,4,136.03,0,1
49,53.0,West,E-commerce,11-50,web,6,4,5.89,1,24,1,832.81,0,1
50,58.0,Midwest,E-commerce,201-1000,events,8,3,3.33,1,47,5,948.87,1,2
51,57.0,South,Healthcare,1000+,web,7,4,6.86,0,175,1,230.98,0,0
52,28.0,Northeast,SaaS,51-200,events,10,4,5.56,0,51,2,1046.28,0,2
53,36.0,Midwest,Healthcare,51-200,partner,4,6,8.14,0,9,1,1210.47,0,2
54,,Northeast,E-commerce,11-50,web,9,0,9.2,3,75,3,195.91,0,1
55,43.0,Midwest,Manufacturing,201-1000,partner,9,0,6.52,2,105,2,411.64,1,1
56,20.0,South,Manufacturing,201-1000,web,5,2,8.47,0,118,0,367.86,0,0
57,46.0,West,SaaS,11-50,ads,8,3,9.54,1,79,3,805.65,0,2
58,26.0,Northeast,Finance,1000+,events,12,8,4.47,0,32,2,661.64,0,2
59,,South,Finance,11-50,referral,4,6,9.66,1,36,3,437.39,0,1
60,53.0,South,Healthcare,201-1000,web,7,2,6.42,1,15,3,965.77,0,2
61,65.0,West,Healthcare,1000+,ads,4,4,4.35,2,22,2,980.73,0,1
62,56.0,South,Education,201-1000,referral,11,6,7.16,0,92,2,664.62,1,2
63,37.0,Midwest,Healthcare,1-10,web,3,1,6.34,2,83,2,493.43,0,1
64,68.0,South,SaaS,51-200,ads,12,2,3.4,1,94,3,431.11,1,1
65,39.0,Midwest,Healthcare,1-10,referral,9,2,4.08,0,77,0,690.93,1,1
66,34.0,West,E-commerce,201-1000,web,4,4,10.1,1,35,4,351.03,0,1
67,65.0,Midwest,Healthcare,11-50,referral,4,4,7.11,2,13,5,615.26,0,1
68,37.0,South,E-commerce,51-200,web,13,2,9.76,0,19,1,620.02,0,2
69,21.0,Northeast,SaaS,1000+,events,15,2,5.58,2,6,3,88.54,0,2
70,42.0,Midwest,Manufacturing,1-10,events,10,3,4.74,0,25,4,349.54,0,1
71,,West,SaaS,11-50,referral,7,4,2.8,2,126,2,411.02,0,1
72,27.0,South,Education,51-200,events,3,7,8.63,1,51,2,786.55,0,2
73,42.0,Midwest,Education,11-50,ads,9,5,7.4,0,5,2,92.26,0,1
74,24.0,West,Finance,1-10,events,7,2,5.6,0,16,4,666.03,0,2
75,53.0,West,,1-10,web,10,4,4.76,1,17,2,698.15,0,2
76,42.0,Midwest,SaaS,11-50,referral,11,2,8.98,1,59,5,541.24,0,2
77,35.0,South,E-commerce,51-200,partner,12,4,6.11,2,62,3,995.19,0,2
78,29.0,South,E-commerce,51-200,referral,4,2,6.13,0,43,2,871.32,0,2
79,47.0,South,Finance,1-10,events,8,2,5.18,0,196,1,995.1,0,0
80,52.0,Midwest,Finance,51-200,ads,9,6,5.6,1,32,2,580.45,1,2
81,66.0,Midwest,Manufacturing,11-50,ads,7,1,7.71,1,84,1,393.0,0,1
82,40.0,West,Healthcare,11-50,ads,5,1,3.38,2,44,6,607.14,1,1
83,26.0,West,E-commerce,201-1000,partner,9,3,6.68,1,31,2,1109.87,0,2
84,61.0,West,Manufacturing,11-50,web,10,2,8.6,1,58,0,495.99,0,1
85,50.0,West,Education,51-200,partner,8,2,,4,17,1,908.06,0,2
86,54.0,South,Education,1000+,partner,7,6,8.82,1,23,4,705.78,1,2
87,23.0,West,Healthcare,51-200,events,6,3,9.45,1,96,6,432.02,0,0
88,34.0,West,Healthcare,51-200,events,10,4,8.49,0,170,4,985.87,0,0
89,57.0,South,Healthcare,1-10,partner,12,5,5.32,0,89,2,505.23,0,2
90,61.0,Midwest,Education,1-10,ads,9,9,6.42,2,56,2,831.75,0,2
91,40.0,Midwest,E-commerce,1-10,ads,6,4,7.26,0,29,4,695.85,0,2
92,59.0,South,Manufacturing,201-1000,referral,11,2,5.47,1,13,4,446.44,0,1
93,61.0,Midwest,E-commerce,201-1000,events,9,2,5.39,0,20,1,490.86,1,1
94,38.0,Midwest,Healthcare,1-10,referral,8,2,5.26,3,35,1,439.64,1,1
95,64.0,South,E-commerce,11-50,ads,9,4,12.1,3,123,0,955.19,0,0
96,32.0,Midwest,Finance,11-50,web,7,1,5.9,0,3,6,800.13,0,2
97,30.0,Northeast,Education,51-200,referral,5,1,,1,42,0,475.64,0,1
98,53.0,West,,51-200,referral,3,2,4.59,0,126,1,926.39,0,0
99,51.0,West,Education,51-200,ads,8,4,10.24,0,160,3,621.44,0,0
100,25.0,Northeast,E-commerce,1000+,ads,5,1,5.67,1,163,5,666.96,0,0
101,61.0,Northeast,E-commerce,11-50,partner,9,0,,1,13,2,1093.21,0,1
102,28.0,Midwest,Manufacturing,51-200,ads,13,2,2.47,4,24,1,284.1,0,2
103,59.0,West,,51-200,web,13,3,8.96,0,131,3,791.65,0,0
104,18.0,West,SaaS,11-50,ads,3,3,9.43,0,64,1,571.14,0,0
105,59.0,Northeast,Education,1000+,web,6,1,3.89,1,14,3,258.22,0,1
106,58.0,West,Finance,1-10,events,8,3,9.08,2,72,3,941.61,1,2
107,58.0,Northeast,SaaS,201-1000,partner,11,4,3.56,3,39,1,994.53,0,2
108,52.0,Midwest,Education,201-1000,referral,6,2,7.89,0,74,2,1122.78,0,0
109,42.0,West,Finance,1000+,referral,6,1,5.87,1,69,5,753.29,0,1
110,54.0,Northeast,Finance,51-200,web,13,2,9.44,2,48,1,1074.75,1,2
111,32.0,Northeast,Manufacturing,11-50,referral,10,1,7.05,0,15,3,687.55,0,2
112,58.0,Midwest,Healthcare,201-1000,web,7,0,8.55,0,45,3,185.08,0,1
113,46.0,South,Healthcare,201-1000,events,9,2,9.22,1,43,3,983.67,0,2
114,41.0,West,Finance,51-200,web,9,5,5.86,0,156,4,488.03,0,0
115,44.0,West,E-commerce,201-1000,partner,9,0,6.44,1,21,2,1003.39,1,2
116,47.0,Northeast,SaaS,11-50,ads,9,0,4.06,1,59,2,496.92,0,1
117,19.0,Northeast,Manufacturing,51-200,referral,16,3,5.84,1,56,1,816.89,0,2
118,25.0,West,E-commerce,201-1000,events,8,5,10.74,1,172,0,792.85,0,0
119,30.0,Midwest,Finance,11-50,web,5,6,8.16,2,10,2,1104.15,0,2
120,23.0,West,E-commerce,51-200,events,7,2,4.2,2,6,2,981.35,0,2
121,,South,E-commerce,1000+,partner,6,3,10.09,0,88,4,684.58,0,0
122,52.0,Northeast,Finance,201-1000,partner,6,2,7.36,2,29,3,749.98,0,1
123,52.0,West,Education,201-1000,events,6,1,8.33,0,1,3,617.97,0,1
124,42.0,Northeast,Healthcare,11-50,ads,10,2,7.58,0,135,6,1106.61,0,0
125,62.0,Midwest,SaaS,1000+,referral,10,1,7.42,1,205,3,387.2,0,0
126,47.0,South,E-commerce,1-10,web,9,1,2.11,3,68,1,586.11,0,1
127,22.0,South,SaaS,51-200,events,8,0,8.94,1,104,4,455.77,0,0
128,57.0,South,Manufacturing,51-200,ads,10,3,1.54,0,67,3,486.83,1,1
129,47.0,South,E-commerce,201-1000,events,7,3,8.74,1,57,2,232.11,0,1
130,51.0,West,Healthcare,1000+,referral,11,2,6.72,0,19,2,310.45,0,1
131,47.0,West,SaaS,201-1000,events,6,1,,3,10,1,174.9,0,1
132,46.0,South,Healthcare,51-200,events,12,2,6.85,2,11,1,582.17,0,2
133,22.0,Northeast,Manufacturing,11-50,referral,5,1,8.8,1,30,4,763.79,0,2
134,,South,Healthcare,51-200,ads,11,2,6.54,2,23,6,454.79,1,2
135,59.0,West,Finance,51-200,partner,10,4,7.12,1,20,0,510.63,0,1
136,33.0,Midwest,E-commerce,1-10,referral,8,1,7.39,4,43,2,787.0,0,2
137,49.0,South,,51-200,web,10,2,10.63,0,84,3,752.02,1,0
138,19.0,Midwest,Education,201-1000,referral,4,2,7.82,2,5,0,942.53,0,2
139,36.0,Northeast,SaaS,201-1000,ads,9,2,3.6,1,47,3,939.42,0,2
140,40.0,South,Healthcare,201-1000,web,12,2,5.26,0,7,5,444.91,1,2
141,69.0,Midwest,E-commerce,11-50,referral,9,3,7.82,3,102,0,553.64,0,1
142,29.0,West,SaaS,51-200,events,8,5,9.27,1,49,2,959.24,1,2
143,32.0,West,Finance,1-10,web,4,3,4.91,1,184,2,359.3,0,0
144,39.0,West,Manufacturing,11-50,web,9,4,11.43,1,42,1,598.89,0,2
145,69.0,Midwest,SaaS,51-200,ads,6,2,6.89,0,37,5,120.84,0,1
146,62.0,Midwest,Education,11-50,web,6,3,7.43,1,12,3,280.98,0,1
147,19.0,South,Finance,1-10,web,9,2,3.74,1,57,1,981.07,0,2
148,30.0,West,Education,51-200,web,8,7,8.95,1,110,4,840.75,1,2
149,60.0,South,SaaS,11-50,web,6,8,5.52,2,82,1,549.21,1,1
150,21.0,West,Manufacturing,11-50,events,8,1,4.86,3,30,3,506.73,0,2
151,62.0,Northeast,SaaS,11-50,web,8,2,5.8,3,122,0,910.29,0,0
152,32.0,West,Manufacturing,51-200,ads,8,1,9.54,0,58,3,413.49,0,1
153,65.0,Northeast,Finance,11-50,partner,8,2,7.52,2,61,2,830.1,0,1
154,33.0,Northeast,Healthcare,51-200,partner,9,3,4.54,2,227,3,752.29,0,0
155,40.0,South,SaaS,51-200,partner,15,5,5.33,1,8,2,1146.53,0,2
156,52.0,Northeast,Finance,1-10,referral,8,3,9.6,2,67,3,463.43,0,1
157,24.0,Northeast,SaaS,1000+,events,10,4,5.98,1,67,2,318.27,0,2
158,46.0,Northeast,Finance,1-10,web,10,4,7.73,1,86,2,504.87,0,2
159,44.0,Midwest,Education,51-200,web,6,3,8.27,0,35,1,836.73,1,2
160,58.0,West,E-commerce,11-50,events,6,3,0.5,1,114,3,903.28,0,1
161,69.0,Northeast,E-commerce,51-200,web,16,8,9.28,0,231,2,1130.2,0,0
162,52.0,South,E-commerce,11-50,web,5,2,4.62,1,124,1,331.52,0,1
163,39.0,West,E-commerce,201-1000,web,8,5,5.71,0,114,2,800.36,1,0
164,39.0,Northeast,SaaS,11-50,web,11,2,9.89,1,24,1,671.66,0,2
165,39.0,Northeast,E-commerce,51-200,web,5,3,9.68,1,118,2,275.6,0,0
166,60.0,West,Finance,11-50,ads,11,6,7.58,1,291,3,623.42,0,0
167,,West,E-commerce,1-10,partner,10,4,,1,96,5,592.97,0,2
168,26.0,South,Education,11-50,web,6,3,8.65,0,38,1,446.24,0,1
169,35.0,West,Education,51-200,events,5,2,9.65,1,116,1,837.99,0,0
170,19.0,Northeast,Education,51-200,web,13,1,9.93,3,80,0,464.07,0,2
171,23.0,Midwest,Finance,1000+,partner,9,0,6.74,1,13,2,114.34,1,1
172,22.0,South,E-commerce,201-1000,events,11,3,4.88,2,9,6,684.95,0,2
173,58.0,Midwest,Manufacturing,1000+,ads,5,3,5.94,2,151,3,334.55,0,0
174,,South,E-commerce,11-50,ads,7,2,6.78,2,89,1,312.76,0,1
175,54.0,South,Healthcare,201-1000,web,9,6,6.38,0,21,4,716.69,1,2
176,42.0,South,Healthcare,51-200,referral,8,4,4.27,0,74,1,418.67,0,1
177,55.0,South,Education,51-200,events,7,2,7.46,2,107,3,425.21,0,1
178,26.0,Midwest,Finance,1000+,referral,7,4,3.05,2,18,2,650.23,0,2
179,64.0,Northeast,Education,51-200,web,6,0,6.69,1,9,3,528.75,0,1
180,44.0,Northeast,Manufacturing,201-1000,partner,5,1,6.83,0,31,1,615.02,0,1
181,66.0,South,Healthcare,201-1000,partner,7,2,6.75,0,104,2,286.27,0,1
182,25.0,Northeast,Manufacturing,1-10,web,8,5,8.37,2,2,3,519.92,1,2
183,43.0,Northeast,E-commerce,51-200,web,9,3,8.08,1,55,2,812.4,0,2
184,54.0,Northeast,Manufacturing,51-200,web,7,2,11.39,0,85,2,630.06,0,0
185,43.0,Northeast,E-commerce,1000+,web,11,0,5.36,3,11,3,464.43,0,1
186,41.0,West,Manufacturing,201-1000,partner,5,2,7.11,0,104,0,506.73,0,0
187,26.0,Midwest,Healthcare,1-10,web,5,3,6.97,1,42,3,681.64,0,2
188,37.0,West,Manufacturing,1-10,partner,6,4,6.87,0,47,1,424.06,0,1
189,30.0,Northeast,SaaS,1-10,web,2,2,3.72,2,12,2,749.89,1,1
190,33.0,South,Healthcare,51-200,events,5,7,3.9,1,34,4,714.18,1,2
191,53.0,Midwest,Manufacturing,1-10,partner,2,3,6.51,1,63,0,398.04,0,1
192,,Midwest,SaaS,201-1000,referral,10,1,3.03,3,76,3,904.5,0,2
193,49.0,West,E-commerce,51-200,ads,8,5,5.76,2,63,1,472.61,0,1
194,36.0,West,SaaS,201-1000,web,6,5,5.08,0,64,1,332.84,0,1
195,67.0,West,E-commerce,11-50,web,11,7,5.84,2,21,1,923.29,1,2
196,22.0,Northeast,Healthcare,51-200,ads,5,2,8.99,2,9,4,870.74,1,2
197,35.0,Midwest,Finance,1-10,web,9,0,4.13,2,29,4,1093.22,0,2
198,24.0,South,E-commerce,201-1000,partner,10,3,8.41,2,12,3,244.21,1,2
199,35.0,Midwest,SaaS,1-10,referral,13,2,,1,29,1,1023.62,1,2
200,68.0,South,E-commerce,1-10,web,5,5,5.52,2,35,2,254.97,0,1
201,37.0,South,Manufacturing,11-50,ads,16,1,7.52,0,118,4,959.92,0,0
202,65.0,South,Manufacturing,201-1000,ads,11,6,5.9,1,3,2,567.66,0,2
203,,West,E-commerce,1-10,partner,7,5,4.54,4,77,2,816.03,0,2
204,54.0,South,E-commerce,51-200,web,10,5,5.69,2,156,1,664.72,0,0
205,41.0,Northeast,SaaS,201-1000,ads,8,4,2.59,0,99,3,913.96,0,2
206,31.0,Northeast,Manufacturing,201-1000,events,6,4,7.34,0,150,0,327.13,0,0
207,57.0,South,Education,1-10,referral,6,1,0.5,4,36,3,294.79,0,1
208,68.0,South,Education,1-10,events,8,2,,2,20,3,743.97,0,1
209,31.0,Midwest,E-commerce,11-50,partner,5,5,7.85,1,31,1,1037.91,0,2
210,58.0,Midwest,Finance,11-50,ads,8,4,10.02,0,61,0,853.58,1,2
211,31.0,South,SaaS,51-200,events,9,3,11.3,0,103,3,951.62,0,0
212,55.0,West,Education,11-50,events,8,3,8.56,0,4,1,784.38,1,1
213,59.0,South,Finance,11-50,referral,6,2,5.12,3,53,0,786.7,0,1
214,41.0,Midwest,E-commerce,1-10,events,11,4,11.28,1,7,0,627.42,0,2
215,56.0,Midwest,Education,51-200,web,4,3,3.87,1,18,2,166.49,0,1
216,32.0,South,Finance,1-10,web,7,6,2.31,4,33,2,898.33,0,2
217,22.0,Midwest,Healthcare,51-200,web,8,2,10.58,1,142,1,567.62,0,0
218,23.0,South,E-commerce,1-10,referral,8,4,7.82,1,38,0,657.41,0,2
219,41.0,South,SaaS,1000+,events,7,1,2.37,4,51,2,195.32,0,1
220,64.0,Northeast,Manufacturing,51-200,partner,10,5,3.52,0,50,1,715.71,0,1
221,24.0,Northeast,E-commerce,1-10,partner,5,1,7.71,1,7,1,590.76,0,1
222,41.0,Northeast,E-commerce,1-10,web,10,3,4.59,2,92,0,468.18,0,1
223,54.0,West,Education,11-50,ads,4,4,4.9,0,22,1,279.07,0,1
224,28.0,South,E-commerce,1-10,referral,10,2,10.83,0,33,0,1033.89,1,2
225,55.0,Northeast,Healthcare,11-50,ads,9,2,11.23,1,160,3,984.16,0,0
226,33.0,West,Education,201-1000,referral,9,4,6.82,1,11,2,756.23,0,2
227,60.0,South,Finance,51-200,referral,5,5,6.17,2,55,4,819.1,1,1
228,48.0,South,Finance,1-10,events,12,2,8.49,1,32,4,619.35,0,2
229,46.0,West,SaaS,51-200,ads,11,2,5.26,0,42,3,508.07,0,1
230,27.0,Northeast,Healthcare,11-50,ads,7,4,1.59,1,56,1,749.33,0,2
231,42.0,Northeast,Healthcare,1000+,web,5,4,0.5,3,93,1,780.95,0,1
232,62.0,South,Finance,1-10,partner,7,1,6.34,2,76,1,265.21,0,1
233,19.0,Northeast,SaaS,201-1000,ads,9,6,8.44,4,18,1,518.29,0,2
234,57.0,South,SaaS,201-1000,referral,12,3,6.54,3,222,1,279.78,0,0
235,43.0,Northeast,Education,1-10,partner,12,2,8.28,1,27,4,1139.67,0,2
236,55.0,Northeast,Education,1-10,web,5,9,8.5,0,12,0,693.54,0,2
237,,Northeast,Education,11-50,ads,9,5,9.55,3,15,3,495.41,0,2
238,40.0,Midwest,E-commerce,201-1000,events,7,4,6.91,2,0,3,541.22,0,2
239,34.0,Northeast,Manufacturing,51-200,ads,10,1,7.11,3,8,2,619.11,0,2
240,50.0,Northeast,E-commerce,51-200,web,6,2,6.42,0,11,5,374.62,0,1
241,25.0,West,Finance,201-1000,referral,8,4,5.93,1,60,3,985.4,0,2
242,48.0,Midwest,SaaS,201-1000,web,12,5,3.04,2,115,5,487.18,0,2
243,22.0,Midwest,Manufacturing,51-200,ads,7,5,9.08,0,2,3,986.91,0,2
244,51.0,Northeast,E-commerce,51-200,referral,7,3,5.66,2,77,2,245.56,0,1
245,50.0,Midwest,Education,201-1000,web,5,0,5.53,3,11,0,602.17,0,1
246,22.0,Midwest,E-commerce,11-50,partner,9,1,5.31,1,17,2,127.46,0,1
247,57.0,South,Education,201-1000,web,10,2,3.55,2,365,4,1046.35,0,0
248,39.0,Northeast,Healthcare,1-10,referral,7,1,6.31,1,62,4,362.66,0,1
249,58.0,West,SaaS,1-10,events,11,4,7.64,1,29,5,1251.36,0,2
250,20.0,West,E-commerce,201-1000,web,10,0,4.95,1,103,1,598.66,0,0
251,27.0,Northeast,Education,11-50,referral,10,2,8.78,2,3,0,550.17,0,2
252,43.0,Northeast,,1-10,referral,10,2,5.69,1,231,1,833.44,0,0
253,27.0,Northeast,E-commerce,1-10,ads,5,4,3.13,0,10,1,368.27,1,1
254,35.0,South,Finance,51-200,referral,7,4,9.52,0,21,0,820.36,1,2
255,52.0,Northeast,E-commerce,201-1000,events,7,2,6.94,0,54,2,871.71,0,1
256,25.0,West,SaaS,1-10,web,8,0,8.4,2,104,2,668.46,0,0
257,53.0,South,Finance,1-10,events,7,4,8.45,1,34,1,806.51,0,2
258,23.0,West,Education,51-200,ads,5,3,4.42,3,83,5,949.02,0,2
259,27.0,South,Education,1000+,web,7,3,5.35,1,17,1,827.06,0,2
260,48.0,West,Manufacturing,11-50,web,7,3,8.78,1,15,4,592.51,1,1
261,59.0,Northeast,SaaS,1000+,web,10,3,10.54,2,69,3,932.57,1,2
262,26.0,Midwest,Healthcare,201-1000,referral,13,2,6.64,2,15,3,827.89,0,2
263,33.0,Midwest,E-commerce,11-50,referral,7,3,5.12,0,89,1,405.67,0,1
264,66.0,West,Manufacturing,201-1000,partner,7,2,10.2,1,113,3,565.05,0,0
265,69.0,South,Finance,51-200,referral,15,2,5.12,1,98,1,358.01,0,1
266,48.0,West,SaaS,51-200,partner,9,2,7.22,0,111,2,574.52,0,0
267,41.0,Northeast,Education,11-50,referral,6,4,5.56,2,33,1,853.06,0,2
268,36.0,West,SaaS,201-1000,referral,11,1,7.09,0,17,0,1231.17,1,2
269,49.0,South,E-commerce,201-1000,referral,10,0,4.42,0,107,1,770.12,0,0
270,48.0,South,Education,201-1000,referral,9,3,5.68,0,8,1,313.38,1,1
271,33.0,West,Finance,1000+,events,6,3,5.12,0,30,1,496.56,0,1
272,19.0,Midwest,Education,51-200,referral,7,2,7.96,2,8,4,952.42,0,2
273,25.0,Midwest,Finance,201-1000,referral,4,3,6.86,0,54,2,415.28,0,1
274,67.0,South,Manufacturing,201-1000,events,17,5,8.44,0,20,3,395.96,1,2
275,39.0,Northeast,Finance,11-50,partner,4,4,4.68,1,29,1,186.78,0,1
276,43.0,Midwest,SaaS,1-10,web,9,1,6.04,1,0,0,568.96,0,1
277,42.0,Northeast,SaaS,11-50,events,9,4,7.88,1,151,0,869.54,0,0
278,58.0,Northeast,Education,201-1000,web,6,2,8.39,1,40,6,680.02,1,1
279,21.0,West,SaaS,11-50,web,10,3,3.32,1,118,6,598.89,0,2
280,22.0,South,Healthcare,201-1000,ads,11,0,7.2,2,71,0,412.95,0,2
281,32.0,Midwest,SaaS,1-10,partner,5,2,4.71,2,60,2,15.31,0,1
282,43.0,Midwest,E-commerce,11-50,web,7,1,8.5,2,54,4,299.23,0,1
283,52.0,Midwest,Finance,51-200,partner,7,3,10.59,1,29,2,692.76,0,1
284,43.0,South,E-commerce,1-10,web,6,3,0.75,2,15,5,203.06,0,1
285,40.0,West,Healthcare,201-1000,partner,7,3,,1,128,4,702.19,1,0
286,66.0,West,Manufacturing,1-10,web,9,2,7.08,3,11,4,464.65,0,1
287,26.0,Midwest,SaaS,1000+,ads,9,5,6.49,2,25,3,234.21,0,2
288,47.0,Midwest,SaaS,11-50,partner,9,7,8.57,3,68,2,763.25,0,2
289,46.0,Midwest,E-commerce,1000+,referral,9,5,6.67,1,131,1,888.75,0,0
290,42.0,South,Education,51-200,partner,8,2,5.33,2,26,6,1098.84,1,2
291,,South,Healthcare,1-10,partner,10,2,4.26,0,32,2,270.92,0,1
292,31.0,South,Finance,1-10,partner,10,5,3.89,0,68,1,931.26,0,2
293,67.0,South,SaaS,1-10,referral,12,5,4.87,0,3,1,904.46,0,2
294,35.0,Midwest,Education,51-200,partner,10,3,5.26,1,18,3,444.52,0,2
295,46.0,Midwest,SaaS,201-1000,partner,3,4,7.34,0,16,1,662.98,0,1
296,45.0,Midwest,Education,11-50,referral,7,4,6.16,1,22,0,861.96,0,2
297,62.0,Northeast,SaaS,11-50,partner,6,3,5.07,1,42,2,0.0,0,1
298,40.0,Northeast,Manufacturing,51-200,events,10,3,4.28,1,47,0,466.04,0,1
299,32.0,South,E-commerce,51-200,events,4,3,4.95,3,63,1,474.97,0,1
300,19.0,Midwest,E-commerce,51-200,partner,5,2,5.26,0,10,4,556.66,0,1
301,36.0,Northeast,Healthcare,51-200,partner,10,2,4.85,3,74,1,1204.58,0,2
302,60.0,South,SaaS,201-1000,events,3,4,7.98,4,153,3,346.28,0,1
303,18.0,South,SaaS,1000+,referral,15,4,9.51,0,59,1,625.07,0,2
304,64.0,Midwest,Finance,11-50,partner,7,4,,2,20,1,548.96,0,1
305,46.0,West,E-commerce,1-10,web,8,2,8.96,0,22,1,697.17,0,1
306,25.0,West,Healthcare,1-10,referral,9,1,8.03,1,13,2,311.55,0,1
307,33.0,South,Education,51-200,events,9,3,6.9,2,58,1,755.29,0,2
308,46.0,South,SaaS,11-50,referral,2,1,9.86,1,42,0,622.39,0,1
309,34.0,Northeast,Healthcare,1000+,events,4,5,6.13,2,7,4,735.86,1,2
310,23.0,West,E-commerce,51-200,ads,8,5,7.38,0,76,1,424.84,0,2
311,52.0,Midwest,Healthcare,51-200,referral,7,6,6.77,1,141,3,751.37,0,0
312,52.0,West,E-commerce,201-1000,web,1,2,6.61,1,4,2,832.83,0,1
313,24.0,South,SaaS,11-50,ads,10,1,7.51,0,59,2,1266.9,1,2
314,32.0,Northeast,SaaS,201-1000,ads,7,3,6.6,0,30,3,695.25,0,2
315,30.0,Northeast,Manufacturing,1-10,ads,10,3,7.53,2,2,1,715.26,1,2
316,52.0,South,SaaS,51-200,web,5,2,5.03,1,156,5,153.4,0,0
317,55.0,South,Education,1000+,referral,6,5,5.1,3,262,0,193.3,0,0
318,55.0,Northeast,Manufacturing,201-1000,web,5,0,5.02,2,66,4,684.69,0,1
319,66.0,South,Healthcare,201-1000,referral,7,1,5.7,1,194,1,190.79,0,0
320,57.0,West,E-commerce,11-50,events,7,0,8.73,0,99,3,637.0,0,0
321,34.0,South,Education,201-1000,web,9,3,,2,49,4,1143.87,0,2
322,23.0,South,Manufacturing,51-200,partner,15,4,7.94,2,125,4,785.66,0,2
323,49.0,Northeast,SaaS,51-200,web,8,1,7.08,3,89,2,822.13,0,1
324,65.0,West,Manufacturing,1-10,ads,5,4,5.53,1,49,2,495.53,1,1
325,68.0,Midwest,Manufacturing,11-50,events,6,3,9.38,1,26,3,772.39,0,1
326,29.0,West,SaaS,51-200,referral,10,2,8.12,1,41,2,1193.18,0,2
327,30.0,Midwest,SaaS,1-10,web,8,1,6.5,1,14,0,844.06,0,2
328,19.0,South,Education,201-1000,ads,11,7,6.32,0,6,4,998.7,1,2
329,25.0,Midwest,SaaS,201-1000,referral,2,6,6.71,1,29,3,635.67,1,2
330,46.0,Northeast,Finance,1000+,events,8,4,3.14,1,72,2,431.73,0,1
331,46.0,West,SaaS,1-10,events,5,1,4.69,5,78,5,881.03,0,1
332,37.0,South,Education,1000+,partner,8,1,7.52,0,202,5,717.7,0,0
333,34.0,South,,1-10,partner,6,2,,2,13,3,686.03,0,1
334,61.0,West,SaaS,51-200,partner,6,4,4.86,2,23,1,746.61,0,1
335,41.0,West,SaaS,201-1000,partner,8,3,5.64,2,18,1,895.93,0,2
336,60.0,West,E-commerce,1-10,ads,7,3,12.89,1,127,2,1133.23,0,0
337,68.0,Northeast,,1-10,events,7,0,7.98,2,3,1,123.11,0,1
338,34.0,South,,1-10,referral,11,2,8.91,2,144,4,713.56,0,0
339,28.0,West,Education,51-200,web,9,5,4.73,0,48,3,1180.79,1,2
340,67.0,Midwest,Finance,201-1000,partner,5,4,7.3,1,126,4,779.26,0,0
341,51.0,Northeast,E-commerce,1-10,partner,11,11,2.63,0,33,2,777.74,1,2
342,33.0,West,Manufacturing,1-10,events,8,7,5.77,3,56,1,677.95,0,2
343,50.0,South,Finance,51-200,referral,11,6,7.61,0,18,4,929.56,1,2
344,44.0,South,Education,11-50,ads,6,4,3.38,2,40,4,1035.84,0,2
345,65.0,West,E-commerce,201-1000,ads,12,4,7.36,0,77,5,710.0,0,2
346,31.0,South,Education,1000+,referral,4,3,7.55,1,85,3,444.85,0,1
347,69.0,Midwest,Finance,201-1000,partner,7,4,5.17,1,29,4,741.53,0,1
348,66.0,Midwest,Manufacturing,201-1000,ads,3,6,4.66,3,56,3,880.13,0,1
349,27.0,Midwest,Healthcare,51-200,partner,8,0,4.93,1,9,1,893.18,1,2
350,26.0,Northeast,Education,201-1000,ads,4,2,,0,339,2,860.16,0,0
351,45.0,West,Healthcare,1-10,referral,5,3,5.8,2,33,0,694.88,0,1
352,20.0,West,SaaS,1-10,events,5,4,7.62,0,87,0,792.87,0,2
353,33.0,Midwest,SaaS,51-200,ads,8,4,5.32,1,12,1,407.3,0,1
354,40.0,Midwest,Manufacturing,1-10,partner,9,3,,2,6,5,692.54,0,2
355,68.0,West,Education,201-1000,ads,7,4,10.01,3,5,1,354.17,0,1
356,69.0,Northeast,Healthcare,51-200,referral,4,5,7.02,2,61,2,491.03,1,1
357,25.0,South,,1000+,events,6,3,5.74,0,21,3,486.63,0,1
358,64.0,South,SaaS,11-50,referral,2,5,5.33,0,24,2,841.76,1,1
359,22.0,South,SaaS,51-200,events,12,5,7.2,1,25,2,521.55,0,2
360,56.0,Northeast,Finance,201-1000,ads,4,0,7.58,1,103,2,288.74,0,1
361,61.0,South,Finance,11-50,web,4,3,6.06,2,3,2,988.28,0,1
362,64.0,Midwest,Manufacturing,51-200,web,9,0,5.64,2,15,4,231.92,0,1
363,29.0,South,Education,51-200,events,7,5,7.28,1,31,5,896.35,0,2
364,64.0,Northeast,E-commerce,1000+,ads,5,6,6.65,1,141,3,728.94,0,0
365,24.0,South,Education,201-1000,referral,6,7,5.24,4,23,1,539.23,0,2
366,,South,,1-10,events,13,3,6.75,3,15,1,866.24,1,2
367,42.0,Northeast,Education,51-200,partner,9,5,5.17,0,15,2,778.4,0,2
368,34.0,Northeast,E-commerce,51-200,partner,5,2,4.85,4,16,2,779.29,1,2
369,,Northeast,SaaS,1-10,partner,11,2,6.49,1,230,4,405.69,0,0
370,58.0,Midwest,SaaS,11-50,web,10,4,5.24,0,22,2,610.82,0,1
371,35.0,Northeast,Manufacturing,11-50,web,8,2,4.89,1,27,5,646.51,1,2
372,,West,SaaS,1-10,partner,13,6,8.8,1,5,3,973.99,1,2
373,39.0,Midwest,Manufacturing,51-200,web,2,2,,3,135,2,338.3,0,1
374,37.0,West,Education,1-10,partner,6,4,10.56,3,137,3,468.58,0,0
375,64.0,West,SaaS,51-200,web,11,3,7.88,1,14,0,397.88,0,1
376,22.0,Northeast,Manufacturing,1-10,referral,14,6,4.69,0,100,1,987.81,0,2
377,56.0,South,SaaS,201-1000,partner,8,2,9.05,0,297,0,198.33,0,0
378,56.0,West,SaaS,1-10,partner,4,1,4.92,1,4,0,891.43,0,1
379,37.0,South,Finance,201-1000,partner,6,3,10.84,1,114,1,682.14,0,0
380,,Midwest,E-commerce,1-10,partner,11,1,7.0,1,6,4,911.78,1,2
381,18.0,Midwest,E-commerce,51-200,web,8,3,7.69,4,21,1,450.35,1,2
382,66.0,Northeast,E-commerce,11-50,events,7,5,6.57,0,33,6,645.09,0,1
383,67.0,South,Finance,11-50,referral,6,0,,2,190,2,438.87,0,0
384,30.0,West,SaaS,51-200,web,7,3,6.0,0,94,4,477.59,0,0
385,19.0,West,E-commerce,201-1000,events,5,3,4.46,2,69,3,259.68,0,1
386,24.0,Northeast,Finance,1000+,web,12,5,7.25,3,32,4,901.1,0,2
387,21.0,South,Healthcare,11-50,ads,6,5,8.75,1,14,2,518.73,0,2
388,61.0,Midwest,Education,1-10,ads,9,0,3.88,1,67,2,196.72,0,1
389,64.0,West,E-commerce,201-1000,partner,7,4,9.89,0,7,1,628.57,0,1
390,25.0,Northeast,Finance,51-200,web,10,2,7.82,0,92,0,612.74,0,0
391,56.0,West,Education,11-50,web,8,2,5.54,1,60,1,991.17,0,1
392,27.0,West,Healthcare,201-1000,ads,11,8,5.5,0,28,2,453.47,0,2
393,37.0,Northeast,E-commerce,51-200,ads,5,1,10.6,1,19,3,1214.64,0,2
394,49.0,Northeast,Finance,51-200,partner,7,1,8.57,0,347,3,216.17,0,0
395,55.0,West,Finance,11-50,partner,11,2,9.01,3,3,1,201.84,0,1
396,63.0,Northeast,SaaS,11-50,web,6,4,5.95,1,101,1,893.3,1,1
397,20.0,South,Finance,1-10,events,13,5,7.72,3,8,4,333.19,1,2
398,28.0,West,SaaS,201-1000,ads,7,3,7.27,0,20,2,1112.35,1,2
399,32.0,South,Finance,1-10,events,10,3,6.12,2,41,2,428.27,0,2
400,34.0,Midwest,,201-1000,events,10,3,6.74,1,154,2,518.64,0,0
401,69.0,Midwest,Finance,201-1000,web,10,6,8.94,1,16,2,552.02,1,1
402,58.0,Northeast,Education,201-1000,ads,10,3,10.02,0,19,0,982.33,1,2
403,34.0,West,E-commerce,1-10,ads,10,2,5.95,1,124,1,1046.13,0,2
404,68.0,Midwest,Manufacturing,11-50,ads,11,5,3.61,1,193,0,400.06,0,0
405,43.0,Northeast,Education,51-200,referral,6,1,10.12,2,139,2,548.89,0,0
406,44.0,Midwest,Manufacturing,51-200,ads,14,4,10.14,1,23,0,840.28,1,2
407,40.0,West,Education,1000+,ads,8,3,7.38,1,12,2,595.7,0,2
408,25.0,Northeast,Finance,11-50,web,11,4,10.44,1,15,5,1057.66,0,2
409,66.0,West,Finance,201-1000,referral,8,5,7.22,0,71,1,743.48,0,1
410,18.0,South,Manufacturing,1-10,web,15,3,4.5,1,42,2,612.47,0,2
411,27.0,West,Manufacturing,11-50,events,9,2,3.61,3,88,3,0.0,0,1
412,29.0,West,Healthcare,1-10,partner,11,6,3.59,2,16,2,353.81,1,2
413,32.0,West,SaaS,201-1000,referral,5,4,6.51,1,128,2,574.99,1,0
414,24.0,West,SaaS,1-10,referral,9,1,5.47,1,197,0,708.19,0,0
415,,Northeast,E-commerce,11-50,web,7,3,5.23,4,77,3,881.81,0,2
416,53.0,West,SaaS,201-1000,referral,10,2,6.26,1,50,1,587.0,0,1
417,68.0,South,E-commerce,51-200,events,10,4,8.39,1,96,1,291.13,0,1
418,,South,SaaS,1-10,web,9,4,5.3,2,8,4,340.04,0,1
419,33.0,West,Manufacturing,1-10,web,9,4,4.93,1,12,3,1190.89,0,2
420,44.0,West,SaaS,51-200,events,7,2,5.44,1,11,2,403.07,0,1
421,66.0,South,Finance,11-50,ads,8,3,8.53,3,4,7,628.25,0,1
422,54.0,South,Healthcare,1-10,web,7,2,6.35,0,250,1,214.72,0,0
423,57.0,Midwest,E-commerce,51-200,ads,8,4,7.12,1,30,4,306.64,1,1
424,48.0,Midwest,Education,11-50,partner,7,4,9.92,0,80,0,580.63,0,0
425,39.0,Midwest,Manufacturing,51-200,referral,8,5,12.76,2,176,3,807.51,0,0
426,28.0,Midwest,Education,11-50,referral,6,4,7.91,3,58,4,416.07,0,2
427,62.0,Northeast,Manufacturing,1-10,partner,10,2,7.69,3,34,0,346.66,1,1
428,59.0,Northeast,Finance,1-10,ads,12,3,3.89,2,42,3,447.65,0,1
429,19.0,West,Education,11-50,events,4,1,7.31,2,73,3,527.61,0,1
430,55.0,Midwest,SaaS,1-10,referral,10,3,,0,53,3,479.89,0,1
431,22.0,West,Manufacturing,11-50,referral,10,2,8.46,0,9,0,497.37,0,2
432,56.0,South,Education,1000+,web,8,1,5.64,1,126,1,684.78,0,0
433,60.0,Northeast,E-commerce,201-1000,partner,5,4,6.94,1,62,4,414.1,0,1
434,24.0,Northeast,Healthcare,11-50,ads,7,3,7.83,0,56,4,1002.84,1,2
435,40.0,Northeast,Finance,51-200,referral,6,3,,2,31,3,773.99,0,2
436,24.0,West,,51-200,partner,10,0,9.94,0,52,2,442.05,1,0
437,47.0,Northeast,Education,201-1000,referral,12,2,9.29,0,17,2,658.53,0,2
438,66.0,South,E-commerce,11-50,web,17,3,8.1,1,55,1,744.18,0,2
439,22.0,West,SaaS,11-50,ads,13,2,5.55,2,184,2,1101.23,0,0
440,38.0,West,E-commerce,11-50,ads,7,0,8.1,1,14,2,342.23,0,1
441,68.0,Midwest,Manufacturing,1-10,ads,9,3,4.8,0,11,3,605.54,0,1
442,33.0,Northeast,E-commerce,11-50,ads,11,2,6.05,1,81,0,715.16,0,2
443,24.0,Northeast,Finance,201-1000,events,12,4,10.41,1,13,1,1185.79,1,2
444,43.0,Northeast,Education,1000+,referral,9,4,7.68,1,123,1,199.23,0,0
445,44.0,Northeast,SaaS,1-10,referral,14,1,7.0,3,28,3,761.9,1,2
446,52.0,South,Education,51-200,ads,9,0,7.28,2,28,1,991.15,1,2
447,34.0,West,E-commerce,11-50,web,7,1,6.29,2,131,1,993.02,1,0
448,67.0,South,Education,51-200,web,7,3,1.76,2,10,2,804.96,0,1
449,45.0,South,E-commerce,51-200,ads,8,4,3.72,2,29,2,859.64,0,2
450,32.0,Northeast,SaaS,1-10,ads,13,3,7.86,2,52,2,880.45,0,2
451,67.0,West,Education,201-1000,partner,5,2,4.47,0,133,4,658.81,0,0
452,66.0,South,Education,1000+,web,9,2,6.26,2,76,4,455.06,0,1
453,43.0,West,Manufacturing,51-200,events,7,2,3.8,1,5,1,375.98,0,1
454,19.0,West,Education,51-200,ads,9,8,4.92,1,4,2,750.75,1,2
455,49.0,Midwest,Healthcare,51-200,web,5,3,6.49,1,34,0,893.58,0,1
456,,Northeast,E-commerce,11-50,referral,10,5,8.53,2,81,2,648.43,0,2
457,25.0,Midwest,E-commerce,1-10,referral,4,2,8.97,1,80,1,437.21,0,1
458,50.0,Midwest,Finance,51-200,ads,6,1,4.88,2,2,0,604.6,0,1
459,61.0,West,Healthcare,1-10,ads,10,4,7.17,1,52,2,1094.71,0,2
460,23.0,Midwest,Healthcare,201-1000,ads,13,4,3.36,0,94,1,575.93,0,2
461,55.0,West,,11-50,ads,4,5,6.62,2,11,0,531.26,0,1
462,25.0,South,Healthcare,11-50,events,9,4,8.6,1,59,4,1103.12,0,2
463,56.0,Northeast,E-commerce,11-50,events,3,1,6.35,0,5,0,621.9,0,1
464,39.0,Midwest,SaaS,1000+,ads,5,4,9.39,2,22,3,452.43,1,1
465,18.0,South,SaaS,1-10,events,8,5,8.34,5,20,1,452.87,0,2
466,68.0,South,Finance,1-10,events,7,1,7.03,2,90,2,419.07,0,1
467,26.0,Midwest,Healthcare,1-10,events,7,5,5.95,0,41,3,497.87,0,2
468,48.0,Midwest,SaaS,51-200,referral,10,2,5.32,0,80,4,222.86,1,1
469,27.0,South,Finance,1000+,ads,10,0,3.29,2,24,5,302.93,0,1
470,66.0,Northeast,SaaS,11-50,referral,5,5,3.65,2,188,2,136.84,0,0
471,56.0,West,SaaS,1000+,web,6,2,8.69,1,70,4,634.06,0,1
472,59.0,Northeast,SaaS,11-50,web,7,3,9.83,0,24,2,995.1,0,2
473,40.0,Northeast,Healthcare,51-200,partner,4,2,4.12,2,93,2,1077.12,0,2
474,42.0,South,Manufacturing,1-10,ads,6,4,6.65,1,13,1,605.65,0,1
475,50.0,South,E-commerce,51-200,events,13,4,3.04,3,18,2,718.49,0,2
476,58.0,South,E-commerce,51-200,partner,9,6,4.35,1,5,1,938.52,0,2
477,62.0,Midwest,E-commerce,51-200,web,6,4,7.07,1,38,1,456.13,1,1
478,18.0,West,Healthcare,11-50,events,4,2,5.36,1,191,1,62.52,0,0
479,52.0,South,Education,201-1000,ads,8,5,2.28,0,23,2,529.11,0,1
480,23.0,South,E-commerce,1000+,ads,5,5,10.28,3,47,1,834.51,0,2
481,32.0,Midwest,Finance,51-200,events,7,1,6.39,1,86,1,266.89,0,1
482,61.0,Northeast,Manufacturing,51-200,partner,6,3,4.07,1,39,1,233.82,0,1
483,31.0,South,Manufacturing,201-1000,web,4,5,6.78,1,37,3,452.63,1,1
484,59.0,Midwest,Finance,11-50,web,9,5,6.32,1,28,2,382.32,0,1
485,42.0,South,Education,201-1000,ads,7,4,7.43,2,33,1,654.32,0,2
486,30.0,Northeast,Manufacturing,11-50,web,7,1,5.75,1,2,3,1316.08,1,2
487,35.0,West,Education,201-1000,web,6,4,7.19,2,60,2,643.65,0,2
488,45.0,South,E-commerce,1-10,partner,12,2,8.58,2,51,4,1002.56,0,2
489,57.0,West,SaaS,11-50,web,7,6,3.6,1,98,2,233.53,0,1
490,49.0,South,SaaS,51-200,web,12,7,4.97,0,15,0,1119.81,0,2
491,66.0,Northeast,Manufacturing,51-200,ads,6,6,8.35,0,1,4,464.5,1,1
492,63.0,West,Finance,201-1000,web,8,3,5.29,2,12,0,597.63,0,1
493,57.0,South,E-commerce,1000+,referral,4,4,6.32,0,47,6,978.12,0,1
494,49.0,West,,1-10,events,8,4,5.47,2,9,4,575.94,0,1
495,33.0,Midwest,E-commerce,11-50,partner,3,4,5.6,4,20,3,217.27,0,1
496,39.0,South,Education,11-50,events,5,1,5.42,0,51,2,246.78,0,1
497,24.0,West,Finance,51-200,referral,8,0,3.73,1,14,0,519.12,0,1
498,37.0,South,Manufacturing,51-200,partner,2,7,7.51,0,13,1,608.15,1,1
499,66.0,Midwest,E-commerce,201-1000,referral,12,3,8.84,1,6,4,473.53,1,1
500,40.0,South,Healthcare,201-1000,referral,3,5,6.11,1,24,5,371.03,0,1
501,23.0,South,SaaS,1-10,web,6,4,8.59,2,23,1,1031.84,1,2
502,51.0,West,Manufacturing,51-200,events,7,2,,1,85,1,902.44,0,1
503,68.0,Midwest,Finance,51-200,web,9,3,5.29,3,69,1,547.31,0,1
504,63.0,Midwest,,51-200,referral,5,0,7.4,0,14,2,237.12,0,1
505,32.0,West,Healthcare,1-10,ads,8,5,7.44,0,46,5,1015.31,0,2
506,41.0,South,E-commerce,11-50,ads,8,5,6.25,1,20,1,663.54,1,2
507,45.0,South,Manufacturing,11-50,referral,10,3,7.99,2,17,3,743.28,1,2
508,30.0,Midwest,Healthcare,1-10,referral,10,2,3.67,0,55,0,832.71,0,2
509,31.0,Northeast,Education,201-1000,referral,11,5,5.83,1,11,5,586.93,0,2
510,30.0,South,SaaS,11-50,events,11,3,8.62,1,32,0,565.02,0,2
511,69.0,Northeast,E-commerce,51-200,ads,7,5,8.62,1,155,4,602.0,0,0
512,56.0,Northeast,Education,51-200,events,6,3,8.34,1,42,2,233.1,0,1
513,61.0,South,SaaS,201-1000,events,6,3,8.75,2,53,7,261.32,0,1
514,60.0,South,SaaS,1-10,partner,6,4,5.68,2,32,1,873.17,0,1
515,67.0,West,Education,1-10,events,8,1,2.75,3,47,0,634.96,0,1
516,23.0,Midwest,E-commerce,11-50,web,8,2,5.93,1,79,2,267.12,0,1
517,63.0,Northeast,E-commerce,11-50,events,11,7,7.9,0,103,1,518.83,0,0
518,21.0,West,Finance,11-50,ads,9,3,8.26,1,5,2,427.09,0,2
519,42.0,Northeast,E-commerce,201-1000,partner,12,4,5.34,0,11,2,688.53,1,2
520,48.0,Northeast,SaaS,11-50,referral,5,1,4.37,1,15,4,295.3,1,1
521,36.0,Midwest,SaaS,1-10,web,11,1,4.59,2,4,1,895.42,1,2
522,25.0,South,SaaS,11-50,events,9,2,5.3,1,78,1,655.4,0,2
523,27.0,West,SaaS,201-1000,ads,9,5,2.33,2,38,3,853.61,0,2
524,60.0,West,Education,201-1000,web,6,2,5.34,0,56,3,528.23,0,1
525,34.0,South,E-commerce,201-1000,partner,9,1,6.61,2,46,0,219.0,0,1
526,34.0,Northeast,SaaS,51-200,web,8,3,6.28,0,264,1,593.51,0,0
527,66.0,Midwest,SaaS,201-1000,ads,13,5,5.77,1,71,2,851.9,0,2
528,25.0,South,Healthcare,51-200,partner,11,3,4.98,3,41,4,818.81,1,2
529,65.0,Northeast,Manufacturing,11-50,partner,5,3,5.24,0,171,4,648.71,0,0
530,65.0,Midwest,Healthcare,51-200,ads,5,4,5.28,2,35,2,897.03,1,1
531,49.0,Midwest,SaaS,201-1000,referral,4,3,8.05,1,93,0,959.09,0,0
532,26.0,Northeast,E-commerce,11-50,events,8,2,6.5,3,20,3,418.76,0,2
533,26.0,South,Healthcare,51-200,web,11,3,13.47,2,132,4,925.73,0,0
534,32.0,South,E-commerce,51-200,web,10,4,5.77,1,33,2,863.13,0,2
535,48.0,Northeast,Manufacturing,51-200,web,11,4,7.46,1,19,3,664.13,0,2
536,25.0,South,Education,1-10,events,8,4,5.82,0,97,1,539.44,0,0
537,41.0,West,Healthcare,51-200,ads,9,1,5.76,1,4,2,687.31,0,1
538,24.0,South,Manufacturing,201-1000,web,9,1,9.94,0,45,3,618.08,0,2
539,46.0,West,E-commerce,1-10,web,6,1,8.69,1,124,2,361.64,0,0
540,19.0,Midwest,SaaS,11-50,web,12,5,2.64,1,84,1,304.67,0,2
541,54.0,West,Manufacturing,1-10,events,3,3,4.25,3,28,0,529.45,0,1
542,20.0,Midwest,Manufacturing,1-10,ads,4,2,6.2,1,74,3,372.69,0,1
543,28.0,Midwest,E-commerce,1000+,web,10,3,5.36,0,154,3,827.38,0,0
544,27.0,Northeast,,51-200,referral,5,5,3.18,1,35,2,400.31,0,1
545,61.0,South,E-commerce,11-50,partner,7,6,6.75,1,27,1,704.83,1,1
546,20.0,Midwest,Finance,11-50,ads,18,3,2.37,2,8,2,461.51,1,2
547,40.0,Midwest,Education,1000+,events,11,1,6.78,1,10,2,148.47,0,1
548,48.0,South,Education,11-50,web,10,2,8.11,0,140,1,558.89,0,0
549,44.0,Midwest,Finance,201-1000,web,9,2,8.42,4,75,1,570.9,0,1
550,53.0,Midwest,Education,11-50,web,7,2,6.18,2,31,2,474.98,0,1
551,59.0,Northeast,Finance,1-10,referral,7,2,9.82,1,92,5,852.34,1,0
552,38.0,Midwest,Education,51-200,partner,5,3,7.23,1,27,4,0.0,0,1
553,61.0,Midwest,E-commerce,1-10,partner,7,2,8.36,1,1,4,716.58,0,1
554,34.0,Midwest,Healthcare,51-200,referral,8,2,4.88,4,138,4,539.73,0,0
555,69.0,Midwest,Healthcare,11-50,partner,7,2,9.85,3,40,1,174.86,0,1
556,44.0,West,Finance,201-1000,partner,8,4,6.49,2,40,0,661.53,1,2
557,56.0,West,SaaS,201-1000,web,7,5,9.97,0,80,2,170.92,0,1
558,63.0,South,E-commerce,201-1000,partner,6,2,,2,38,1,510.48,0,1
559,59.0,South,Manufacturing,1-10,ads,8,0,7.07,3,1,1,663.36,0,1
560,62.0,West,SaaS,201-1000,web,7,1,7.39,0,9,4,341.44,0,1
561,45.0,West,Finance,1000+,referral,8,1,6.1,1,32,1,849.82,0,1
562,20.0,South,Finance,11-50,partner,11,7,4.7,2,149,2,473.75,0,2
563,43.0,West,Healthcare,11-50,partner,7,6,7.81,2,54,1,299.14,0,1
564,27.0,West,SaaS,201-1000,referral,9,5,7.7,0,23,2,894.9,1,2
565,64.0,West,SaaS,1-10,partner,8,6,2.94,2,6,1,491.04,1,1
566,30.0,South,E-commerce,51-200,referral,8,10,6.32,0,64,3,1163.54,1,2
567,29.0,Northeast,SaaS,201-1000,ads,8,1,8.41,1,43,2,658.56,0,2
568,30.0,Northeast,SaaS,1-10,web,8,5,9.72,0,101,2,336.59,0,0
569,51.0,South,SaaS,51-200,events,9,2,8.1,1,31,1,771.42,0,2
570,47.0,South,E-commerce,51-200,events,14,8,3.16,2,104,3,1022.09,1,2
571,67.0,Midwest,Manufacturing,11-50,web,6,0,4.18,1,39,2,529.86,0,1
572,39.0,South,Finance,201-1000,ads,9,3,5.74,0,5,0,474.48,0,1
573,32.0,South,SaaS,1-10,partner,5,4,9.58,1,65,4,61.59,1,1
574,20.0,West,Finance,11-50,ads,12,6,5.16,2,70,3,491.12,1,2
575,18.0,Northeast,SaaS,201-1000,referral,7,3,8.83,2,76,1,917.38,0,2
576,37.0,Midwest,Healthcare,1-10,events,4,0,5.13,1,106,2,1067.39,0,0
577,66.0,West,SaaS,201-1000,referral,5,2,7.67,4,38,2,796.0,0,1
578,45.0,West,SaaS,1-10,referral,12,5,4.43,1,85,4,472.38,1,2
579,64.0,West,SaaS,51-200,referral,12,4,6.07,1,50,2,515.78,1,1
580,23.0,West,Healthcare,1-10,events,7,1,4.01,0,82,3,299.53,1,1
581,22.0,West,Healthcare,51-200,ads,12,4,9.67,1,12,3,543.53,0,2
582,61.0,Midwest,Healthcare,201-1000,partner,7,4,4.97,1,115,1,641.74,0,1
583,23.0,Midwest,Finance,201-1000,events,3,1,3.1,2,8,2,598.68,0,1
584,20.0,Midwest,Education,1000+,events,7,3,2.92,2,26,3,776.45,1,2
585,39.0,South,Education,51-200,events,5,2,6.31,1,3,3,1027.02,0,2
586,66.0,West,Finance,201-1000,events,8,6,5.49,0,47,2,536.25,0,1
587,53.0,Midwest,Finance,51-200,events,12,3,7.93,0,56,2,732.95,1,2
588,23.0,South,Healthcare,1000+,events,6,2,5.98,1,15,1,913.12,0,2
589,61.0,Midwest,E-commerce,51-200,partner,11,2,9.07,2,20,0,950.82,0,2
590,61.0,Northeast,Healthcare,201-1000,web,10,3,5.65,1,79,1,297.34,0,1
591,59.0,Northeast,SaaS,11-50,web,6,4,8.76,2,13,2,653.97,0,1
592,64.0,Northeast,Manufacturing,51-200,partner,6,6,4.4,2,168,5,717.12,0,0
593,30.0,West,Healthcare,201-1000,referral,9,1,3.19,1,90,5,598.65,1,2
594,68.0,Midwest,Education,11-50,events,12,3,4.69,2,22,2,767.06,0,1
595,34.0,West,Manufacturing,11-50,events,10,1,4.02,0,20,3,1341.68,1,2
596,59.0,South,Healthcare,1000+,partner,3,2,3.77,2,34,1,358.17,0,1
597,48.0,Northeast,Manufacturing,11-50,partner,9,2,7.41,0,33,2,624.09,1,1
598,58.0,Northeast,Healthcare,1-10,referral,8,2,5.92,1,10,2,324.16,0,1
599,50.0,West,SaaS,11-50,ads,8,1,6.81,0,5,3,615.65,0,1
600,51.0,Midwest,SaaS,11-50,events,13,2,,2,138,2,931.61,0,0
601,50.0,West,SaaS,51-200,events,5,1,2.79,1,17,4,572.46,0,1
602,58.0,Northeast,Manufacturing,1000+,referral,8,5,7.75,0,70,3,1092.63,1,2
603,56.0,South,Healthcare,1000+,events,6,2,3.85,0,41,3,565.6,0,1
604,24.0,West,E-commerce,51-200,ads,10,2,,2,76,0,721.01,0,2
605,60.0,Midwest,Healthcare,51-200,events,11,4,2.34,1,84,2,205.7,0,1
606,45.0,Midwest,E-commerce,11-50,ads,6,7,7.94,0,63,2,1343.53,1,2
607,34.0,West,Manufacturing,201-1000,partner,6,5,2.78,0,133,2,481.72,0,0
608,44.0,Midwest,,11-50,web,10,5,3.86,2,0,1,1238.37,0,2
609,68.0,Midwest,SaaS,1-10,referral,2,0,4.02,0,60,2,439.85,0,1
610,62.0,Midwest,Education,1000+,partner,10,5,6.22,2,12,3,1034.29,0,2
611,61.0,Midwest,Healthcare,201-1000,events,8,2,6.15,3,63,3,724.71,0,1
612,42.0,West,SaaS,11-50,web,7,2,8.29,0,25,4,1204.91,1,2
613,58.0,West,Manufacturing,51-200,web,8,2,6.27,1,51,0,739.7,1,1
614,38.0,Midwest,SaaS,51-200,partner,8,1,8.62,1,83,2,907.41,0,0
615,53.0,West,E-commerce,11-50,ads,10,4,7.33,3,28,2,287.44,0,1
616,,Northeast,SaaS,11-50,events,8,3,4.42,1,2,0,1083.93,0,2
617,30.0,Northeast,Healthcare,1-10,web,8,1,5.03,0,20,7,1047.13,1,2
618,31.0,South,Finance,51-200,referral,12,3,9.82,1,95,2,713.86,0,2
619,21.0,West,E-commerce,11-50,web,7,2,9.2,1,21,1,574.66,0,2
620,25.0,Northeast,SaaS,51-200,partner,16,3,8.31,1,187,0,913.67,0,0
621,40.0,Northeast,SaaS,11-50,events,9,5,8.6,2,124,2,371.16,0,0
622,42.0,South,Manufacturing,1000+,web,13,3,7.52,1,47,1,1151.67,0,2
623,26.0,West,Education,51-200,referral,8,4,7.24,2,118,3,920.61,1,2
624,39.0,Northeast,Manufacturing,201-1000,events,9,5,6.61,1,14,2,829.07,0,2
625,49.0,Midwest,Finance,1-10,web,5,3,10.24,3,148,2,190.18,0,0
626,30.0,South,Finance,51-200,events,10,3,5.48,2,26,0,823.64,1,2
627,35.0,Midwest,Education,201-1000,events,8,4,7.03,1,112,2,419.82,0,0
628,37.0,Northeast,Finance,11-50,web,6,4,2.74,0,65,2,151.24,0,1
629,44.0,Northeast,,1-10,web,4,4,3.35,0,3,3,815.57,0,1
630,37.0,Midwest,E-commerce,11-50,partner,9,2,10.49,2,106,2,898.58,0,0
631,56.0,South,Healthcare,11-50,web,13,0,7.86,0,99,2,369.74,0,0
632,35.0,West,SaaS,11-50,ads,7,2,6.03,1,43,4,882.47,1,2
633,40.0,South,E-commerce,11-50,web,5,2,6.67,1,54,2,712.93,0,1
634,37.0,South,Education,11-50,ads,8,1,3.51,1,1,1,357.36,0,1
635,27.0,West,Manufacturing,51-200,referral,11,0,5.56,1,71,1,332.08,0,1
636,53.0,Midwest,SaaS,1-10,partner,7,4,3.29,2,76,3,942.58,0,2
637,30.0,Midwest,SaaS,11-50,events,9,2,5.85,0,14,0,537.26,0,1
638,33.0,West,SaaS,51-200,ads,7,3,8.0,1,36,2,882.48,0,2
639,59.0,Midwest,Education,1-10,partner,5,5,7.5,2,7,2,662.72,0,1
640,67.0,South,E-commerce,11-50,partner,4,3,10.0,1,32,4,791.46,0,1
641,52.0,South,E-commerce,11-50,events,11,8,7.15,1,152,1,894.02,0,2
642,65.0,Northeast,SaaS,1-10,referral,2,5,1.05,0,73,3,522.43,0,1
643,62.0,South,Manufacturing,51-200,referral,7,3,10.79,0,31,2,827.94,0,1
644,43.0,Northeast,Healthcare,1-10,referral,9,4,4.65,1,317,2,91.11,0,0
645,58.0,Northeast,Education,11-50,partner,8,5,6.86,1,255,0,357.89,0,0
646,35.0,South,Education,1000+,events,9,3,6.72,1,9,3,509.26,0,2
647,41.0,Midwest,SaaS,1000+,referral,8,4,7.03,0,59,2,887.99,0,2
648,45.0,West,Education,11-50,web,6,0,6.61,0,163,1,156.53,0,0
649,67.0,West,Finance,11-50,partner,8,2,6.64,1,95,2,635.33,0,1
650,62.0,West,Finance,51-200,ads,10,5,3.59,1,98,1,722.41,1,2
651,43.0,Midwest,E-commerce,201-1000,referral,5,2,12.19,2,60,3,797.28,0,2
652,51.0,Midwest,Manufacturing,201-1000,web,7,4,7.93,1,124,0,736.03,0,0
653,28.0,Midwest,,1-10,events,11,5,6.61,1,5,4,280.54,0,2
654,59.0,Northeast,Healthcare,1-10,events,12,4,10.55,1,13,4,523.88,0,2
655,46.0,West,SaaS,11-50,partner,4,6,4.14,0,9,1,564.54,1,1
656,45.0,Midwest,Manufacturing,201-1000,ads,10,2,8.41,0,88,1,465.17,0,0
657,57.0,Midwest,Manufacturing,201-1000,referral,4,3,5.28,0,56,4,126.47,0,1
658,50.0,West,Finance,1-10,ads,12,2,7.39,1,79,2,824.51,0,2
659,21.0,Midwest,Finance,51-200,web,9,3,7.43,0,9,4,1138.4,1,2
660,32.0,Northeast,E-commerce,1-10,referral,9,6,1.36,1,3,0,388.66,0,2
661,27.0,Northeast,SaaS,51-200,ads,8,5,3.35,0,31,3,911.34,0,2
662,56.0,South,Manufacturing,1000+,ads,6,4,9.99,0,151,0,791.55,0,0
663,19.0,West,Healthcare,51-200,web,7,4,5.95,2,119,1,288.09,0,0
664,28.0,Northeast,E-commerce,1-10,events,6,2,10.9,0,141,3,281.82,0,0
665,49.0,West,Education,51-200,referral,12,4,9.38,1,14,2,673.88,1,2
666,54.0,West,SaaS,11-50,ads,9,5,6.02,2,172,2,778.36,0,0
667,44.0,West,SaaS,201-1000,ads,8,1,5.82,3,73,2,724.76,0,1
668,62.0,Midwest,E-commerce,11-50,ads,5,2,10.13,1,89,1,740.21,0,1
669,65.0,Northeast,Healthcare,201-1000,events,3,1,11.13,0,322,6,592.84,0,0
670,24.0,West,,11-50,partner,14,3,5.87,1,174,6,224.06,0,0
671,67.0,Midwest,E-commerce,1-10,events,6,2,9.88,0,24,4,317.96,0,1
672,,South,Healthcare,11-50,referral,8,2,8.77,0,111,3,900.3,0,0
673,51.0,South,Healthcare,1-10,referral,7,3,9.15,3,46,0,555.95,1,1
674,22.0,Northeast,Finance,11-50,ads,8,4,6.72,0,17,1,632.74,0,2
675,50.0,West,Finance,51-200,ads,11,4,5.02,3,134,1,926.39,0,2
676,55.0,West,Manufacturing,1-10,referral,5,4,4.18,0,11,0,748.29,0,1
677,48.0,South,Education,1-10,ads,9,4,3.63,4,125,1,461.73,0,1
678,22.0,Midwest,E-commerce,1-10,web,2,4,10.7,2,316,4,447.24,0,0
679,45.0,West,Manufacturing,1-10,ads,11,2,6.52,0,5,2,510.42,1,1
680,66.0,South,Finance,201-1000,partner,8,1,3.98,4,25,5,333.62,0,1
681,55.0,South,E-commerce,1000+,ads,6,7,8.71,1,103,1,552.84,0,0
682,25.0,West,Healthcare,1-10,events,5,2,5.45,0,52,2,427.49,0,1
683,67.0,South,Education,201-1000,events,11,6,5.07,0,5,2,526.93,0,1
684,67.0,Midwest,Education,201-1000,events,4,3,11.05,5,57,2,943.94,0,1
685,26.0,Northeast,Healthcare,1000+,web,8,9,3.57,1,128,1,628.42,0,2
686,59.0,Midwest,SaaS,11-50,events,6,3,7.02,2,35,2,597.17,0,1
687,39.0,South,E-commerce,11-50,referral,6,4,5.2,0,203,1,666.17,1,0
688,48.0,South,SaaS,51-200,ads,7,2,4.85,2,1,3,814.12,0,1
689,41.0,South,Education,201-1000,ads,5,3,3.28,2,66,0,248.43,0,1
690,58.0,Midwest,Finance,201-1000,referral,11,4,6.63,1,5,2,1291.5,1,2
691,69.0,West,Healthcare,51-200,events,11,4,4.58,2,37,3,528.53,0,1
692,59.0,West,Education,11-50,partner,10,3,7.8,1,29,1,239.32,1,1
693,66.0,Midwest,Education,201-1000,events,6,2,6.4,3,7,2,131.57,0,1
694,67.0,South,Education,201-1000,events,7,3,5.81,0,125,3,687.9,0,0
695,22.0,South,SaaS,11-50,ads,6,1,4.59,1,108,2,564.15,0,0
696,,South,Finance,51-200,partner,7,3,9.65,2,13,1,658.93,0,2
697,55.0,Northeast,Manufacturing,11-50,ads,12,4,8.12,1,25,0,635.08,1,2
698,48.0,West,Education,51-200,ads,3,3,5.0,2,28,1,372.07,0,1
699,,West,E-commerce,51-200,partner,10,3,3.51,0,74,4,586.64,0,2
700,22.0,South,Healthcare,201-1000,partner,12,3,2.35,0,3,1,646.74,1,2
701,45.0,West,Manufacturing,1000+,events,4,6,9.0,1,33,4,541.02,1,1
702,50.0,West,SaaS,11-50,partner,6,1,8.5,3,19,4,595.94,0,1
703,26.0,Midwest,Finance,11-50,partner,7,0,8.8,2,66,2,543.3,0,1
704,26.0,South,SaaS,11-50,events,6,5,6.24,2,18,4,553.34,0,2
705,24.0,South,Manufacturing,1-10,web,5,1,8.27,0,13,2,942.55,0,2
706,47.0,West,SaaS,11-50,partner,3,3,8.76,3,6,3,249.31,0,1
707,18.0,Northeast,SaaS,1-10,referral,13,1,6.35,1,16,1,606.44,0,2
708,47.0,Midwest,E-commerce,11-50,ads,3,2,5.71,2,64,5,576.37,0,1
709,42.0,West,E-commerce,1-10,partner,7,2,4.35,3,81,3,843.32,0,2
710,42.0,Midwest,Healthcare,11-50,referral,9,2,7.44,0,191,2,667.72,0,0
711,53.0,West,E-commerce,201-1000,events,5,1,7.73,1,1,2,77.67,0,1
712,45.0,Midwest,Healthcare,11-50,ads,9,4,5.61,0,48,0,454.3,1,1
713,55.0,West,Finance,51-200,referral,7,4,5.86,2,3,3,929.55,1,2
714,57.0,West,Finance,1000+,referral,6,2,6.02,0,208,2,423.28,0,0
715,65.0,Midwest,Manufacturing,51-200,ads,8,1,8.24,0,34,0,298.79,0,1
716,59.0,West,Healthcare,1-10,events,14,3,3.48,2,99,2,835.33,0,2
717,44.0,Midwest,Finance,11-50,web,5,1,4.07,2,55,2,761.5,0,1
718,43.0,South,Education,51-200,ads,7,1,4.11,0,86,0,111.26,0,1
719,30.0,South,E-commerce,51-200,events,9,2,6.17,5,3,3,260.33,0,1
720,49.0,West,Education,1-10,ads,5,2,7.19,2,50,2,27.14,0,1
721,25.0,Northeast,Manufacturing,11-50,ads,6,6,4.15,1,15,4,512.07,0,2
722,66.0,Midwest,E-commerce,51-200,referral,9,8,,1,45,1,964.73,0,2
723,61.0,South,E-commerce,11-50,web,7,2,9.72,1,49,1,629.2,0,1
724,24.0,South,Healthcare,51-200,partner,10,3,7.41,1,25,6,862.82,0,2
725,58.0,South,E-commerce,1-10,events,6,2,8.97,0,78,4,485.28,0,1
726,24.0,Northeast,Finance,11-50,ads,8,7,4.49,3,113,2,635.42,0,2
727,55.0,Midwest,Manufacturing,201-1000,ads,8,2,4.54,2,6,1,877.76,1,1
728,22.0,West,Finance,11-50,web,7,6,7.63,0,1,1,556.73,1,2
729,43.0,Northeast,SaaS,51-200,events,9,0,6.42,0,125,1,725.9,1,0
730,52.0,Midwest,E-commerce,11-50,events,7,3,4.53,0,47,3,1001.4,0,2
731,55.0,West,Education,11-50,events,8,1,9.64,1,43,5,924.5,1,2
732,39.0,Northeast,E-commerce,1000+,referral,9,2,7.16,1,213,1,858.43,0,0
733,65.0,South,Finance,11-50,partner,14,3,8.04,2,21,2,1192.24,0,2
734,58.0,Midwest,Education,11-50,ads,8,3,,0,40,1,415.12,0,1
735,28.0,West,E-commerce,1000+,referral,7,4,10.2,0,71,6,1043.22,1,2
736,52.0,South,Finance,201-1000,referral,5,4,6.16,1,18,3,211.61,0,1
737,55.0,West,Healthcare,51-200,referral,8,1,8.74,1,39,2,986.54,1,2
738,35.0,Northeast,SaaS,1-10,ads,11,3,5.22,0,83,4,570.35,0,2
739,56.0,South,Healthcare,1-10,web,5,2,,0,44,1,402.71,0,1
740,64.0,West,Healthcare,51-200,partner,6,1,7.73,2,70,1,219.93,0,1
741,60.0,Midwest,SaaS,11-50,ads,8,3,10.89,0,103,2,602.15,0,0
742,57.0,Midwest,Manufacturing,11-50,events,8,1,5.53,2,6,0,688.09,0,1
743,50.0,Northeast,Finance,201-1000,referral,14,5,6.95,1,161,5,640.47,0,0
744,32.0,West,SaaS,11-50,web,4,4,7.8,1,99,4,462.7,0,0
745,59.0,South,Manufacturing,1-10,referral,5,3,3.39,0,7,2,956.7,1,1
746,36.0,South,Manufacturing,1-10,events,4,5,1.72,0,42,2,460.31,0,1
747,45.0,South,SaaS,11-50,referral,5,4,4.31,3,9,0,700.87,0,1
748,34.0,South,SaaS,51-200,partner,5,3,8.63,0,125,3,582.49,0,0
749,34.0,South,Healthcare,201-1000,events,8,3,10.28,1,59,3,1315.95,1,2
750,26.0,Midwest,Finance,1-10,referral,7,6,4.47,0,8,3,412.74,1,2
751,67.0,South,Education,1-10,partner,10,1,3.82,1,21,3,1047.73,0,1
752,25.0,Northeast,Healthcare,51-200,referral,15,3,9.88,4,105,0,326.96,0,2
753,22.0,West,Finance,11-50,referral,9,2,5.26,5,10,2,494.08,1,2
754,66.0,West,SaaS,51-200,referral,9,2,5.68,1,76,2,408.65,1,1
755,46.0,Midwest,Finance,1000+,partner,11,1,9.71,2,7,4,618.15,0,2
756,40.0,South,Manufacturing,51-200,events,7,4,9.35,1,59,4,842.79,0,2
757,56.0,Northeast,Finance,11-50,referral,7,1,8.55,1,42,1,665.9,0,1
758,37.0,West,Healthcare,1000+,referral,8,4,2.73,1,71,4,279.12,0,1
759,24.0,West,E-commerce,1-10,events,6,3,3.73,2,21,1,779.38,1,2
760,55.0,West,Manufacturing,1000+,ads,13,4,8.97,2,19,3,698.8,0,2
761,27.0,Midwest,SaaS,51-200,ads,4,2,7.2,0,2,1,764.71,0,1
762,46.0,Northeast,E-commerce,51-200,partner,13,1,4.79,0,57,4,797.27,0,2
763,67.0,Northeast,SaaS,1000+,web,8,1,5.74,3,48,2,264.98,0,1
764,66.0,Northeast,Manufacturing,51-200,events,10,3,8.94,1,36,0,563.6,1,1
765,36.0,Northeast,Healthcare,11-50,referral,10,3,9.86,1,93,4,871.65,0,2
766,58.0,Northeast,Manufacturing,11-50,partner,11,4,6.49,0,30,0,1036.72,0,2
767,49.0,West,Finance,51-200,ads,10,1,4.99,2,29,2,453.35,0,1
768,42.0,Northeast,Finance,51-200,partner,8,4,5.89,2,62,3,1628.79,0,2
769,25.0,Northeast,Finance,11-50,partner,4,2,9.45,0,34,0,657.75,0,1
770,37.0,West,E-commerce,201-1000,web,12,1,9.41,1,145,3,665.8,0,0
771,51.0,South,Finance,51-200,web,14,3,,2,19,0,955.08,1,2
772,69.0,West,Education,11-50,events,5,0,5.34,0,20,3,132.11,0,1
773,18.0,South,Manufacturing,1-10,ads,13,4,8.88,1,19,2,951.68,1,2
774,55.0,West,Finance,11-50,referral,10,1,10.07,0,63,2,394.78,0,1
775,62.0,South,Manufacturing,1-10,web,13,3,3.3,1,96,2,925.7,0,2
776,67.0,South,Manufacturing,1-10,web,4,5,5.99,2,32,1,224.93,0,1
777,40.0,South,Finance,11-50,events,7,2,9.04,1,139,2,525.27,0,0
778,24.0,Midwest,Healthcare,1-10,events,14,5,6.66,1,2,2,1141.4,0,2
779,32.0,Midwest,SaaS,11-50,referral,10,1,5.43,3,104,0,694.06,0,2
780,62.0,South,E-commerce,51-200,referral,13,6,6.91,0,195,2,638.87,0,0
781,63.0,Northeast,Manufacturing,11-50,ads,11,0,7.32,2,50,3,873.8,0,1
782,51.0,West,SaaS,1000+,web,7,3,4.02,0,56,1,216.66,0,1
783,24.0,Midwest,Healthcare,1000+,ads,12,5,6.7,1,139,4,1242.64,0,2
784,24.0,Northeast,Education,51-200,partner,8,2,7.31,1,7,4,524.34,0,2
785,42.0,Midwest,E-commerce,1000+,events,4,3,5.42,0,38,3,476.84,0,1
786,48.0,West,Manufacturing,201-1000,referral,7,3,4.79,2,1,2,756.56,0,1
787,19.0,Midwest,Finance,11-50,web,10,7,5.32,0,83,3,784.23,0,2
788,53.0,South,SaaS,201-1000,web,9,1,4.36,2,31,0,480.55,0,1
789,46.0,West,E-commerce,1-10,referral,6,4,8.37,0,21,4,673.42,0,1
790,18.0,Northeast,Education,51-200,partner,16,2,4.34,1,192,2,988.71,0,0
791,22.0,West,Manufacturing,51-200,web,13,2,6.92,1,15,4,757.14,0,2
792,41.0,Midwest,Manufacturing,1-10,partner,14,4,,1,56,2,680.9,1,2
793,55.0,Northeast,Manufacturing,11-50,ads,10,1,4.95,1,30,3,452.69,0,1
794,60.0,South,SaaS,1000+,partner,10,3,9.52,0,95,1,962.81,0,0
795,40.0,West,Education,11-50,ads,15,1,6.21,1,6,6,759.14,0,2
796,33.0,Midwest,SaaS,1-10,web,6,1,5.03,0,123,1,485.77,0,0
797,68.0,South,SaaS,1-10,web,6,6,4.82,3,96,1,754.23,0,1
798,41.0,Midwest,Education,51-200,ads,8,5,7.25,3,53,0,536.13,0,2
799,34.0,South,,201-1000,ads,9,1,8.32,1,2,1,267.35,0,1
800,41.0,South,Finance,201-1000,events,4,3,9.3,1,87,3,369.52,0,1
801,18.0,South,Manufacturing,11-50,events,4,2,6.13,2,77,3,509.42,0,1
802,33.0,South,SaaS,11-50,web,6,0,6.0,2,20,0,424.48,1,1
803,44.0,Northeast,Finance,1-10,referral,9,4,6.79,1,66,2,601.55,0,2
804,65.0,South,Manufacturing,51-200,referral,14,4,6.87,0,40,4,1026.96,0,2
805,56.0,South,Healthcare,201-1000,web,7,1,4.8,1,112,3,453.94,0,1
806,58.0,South,Finance,201-1000,web,9,4,9.72,0,98,2,632.64,0,0
807,46.0,Northeast,Healthcare,11-50,web,10,4,6.55,0,1,3,567.6,0,2
808,23.0,Midwest,Manufacturing,51-200,ads,10,2,7.68,0,57,2,1041.22,0,2
809,38.0,Midwest,SaaS,11-50,web,8,3,7.43,2,2,1,972.82,0,2
810,69.0,Northeast,Manufacturing,51-200,web,3,1,7.39,2,71,5,278.45,0,1
811,20.0,Midwest,Education,51-200,web,8,7,4.29,1,17,2,965.59,0,2
812,63.0,Midwest,Education,51-200,partner,6,5,6.49,2,191,2,1151.07,0,0
813,53.0,South,,51-200,partner,8,1,11.52,3,111,6,455.18,0,0
814,32.0,Midwest,Finance,1000+,events,13,5,9.99,1,127,2,1003.56,0,2
815,58.0,West,Healthcare,11-50,web,9,1,6.85,1,51,4,152.84,0,1
816,61.0,South,E-commerce,1-10,referral,5,2,5.69,4,69,1,366.15,0,1
817,20.0,West,Manufacturing,11-50,ads,8,4,1.62,2,21,2,437.6,0,2
818,23.0,South,Finance,51-200,partner,11,1,5.41,2,29,2,132.34,0,1
819,52.0,South,Education,51-200,web,1,0,6.33,1,18,1,784.3,0,1
820,69.0,South,SaaS,51-200,referral,11,4,5.8,0,119,3,718.85,0,0
821,19.0,West,Education,201-1000,ads,7,4,5.96,0,15,1,281.68,0,1
822,52.0,South,,11-50,web,7,4,7.87,1,18,2,404.15,0,1
823,25.0,South,Manufacturing,51-200,referral,11,4,4.3,1,47,3,961.46,1,2
824,51.0,South,SaaS,201-1000,partner,10,4,7.1,0,16,3,398.28,0,1
825,50.0,South,Finance,11-50,ads,7,3,6.26,1,155,5,337.34,0,0
826,,Northeast,Finance,11-50,ads,6,4,4.56,2,11,0,481.32,0,1
827,53.0,South,Finance,1-10,ads,10,4,10.18,2,10,2,654.98,0,2
828,64.0,South,SaaS,11-50,events,13,5,8.15,1,40,4,1169.0,1,2
829,62.0,West,Healthcare,201-1000,ads,13,6,4.77,1,32,2,725.44,0,2
830,19.0,South,E-commerce,1000+,ads,10,2,7.64,3,5,0,666.61,1,2
831,30.0,South,Finance,51-200,events,6,2,3.44,0,35,0,497.76,0,1
832,30.0,West,E-commerce,11-50,web,11,3,5.04,2,65,2,502.7,0,2
833,41.0,Midwest,Healthcare,51-200,web,3,2,,1,145,2,784.12,0,0
834,25.0,Northeast,Finance,201-1000,ads,7,2,7.27,3,176,2,276.39,0,0
835,62.0,Northeast,SaaS,11-50,referral,12,4,7.1,1,23,2,402.19,0,1
836,58.0,Northeast,Education,201-1000,referral,5,3,8.67,0,55,4,77.92,0,1
837,60.0,Northeast,Education,1-10,web,10,4,7.84,0,5,6,548.59,0,1
838,28.0,Midwest,SaaS,1-10,events,15,4,5.91,0,29,4,793.01,0,2
839,18.0,West,SaaS,1-10,partner,5,1,8.56,0,27,2,522.01,0,1
840,65.0,South,Manufacturing,1-10,partner,7,3,2.78,1,19,1,585.59,1,1
841,33.0,Northeast,E-commerce,201-1000,web,11,1,5.03,0,40,1,247.74,1,1
842,52.0,South,Manufacturing,11-50,referral,12,1,6.29,2,163,3,773.83,1,0
843,65.0,Northeast,Healthcare,11-50,partner,9,4,7.71,5,40,3,607.15,0,1
844,19.0,West,Healthcare,11-50,ads,9,2,5.79,1,103,2,995.0,0,2
845,18.0,Northeast,E-commerce,11-50,partner,5,3,2.58,0,41,3,714.47,0,2
846,18.0,South,Finance,11-50,partner,7,2,2.27,2,12,1,492.48,0,1
847,26.0,Midwest,SaaS,1-10,ads,14,3,6.35,0,290,1,430.64,0,0
848,20.0,South,Healthcare,51-200,partner,9,3,5.45,3,18,4,564.48,0,2
849,60.0,Midwest,Healthcare,1-10,referral,4,5,,0,13,2,569.6,1,1
850,49.0,South,SaaS,201-1000,web,7,2,4.13,0,2,1,1049.28,0,2
851,68.0,Midwest,,11-50,events,7,5,6.79,2,120,4,896.48,0,0
852,59.0,West,Finance,201-1000,web,9,2,9.36,1,0,5,644.61,0,1
853,68.0,South,Education,201-1000,referral,15,2,6.79,0,174,1,464.88,0,0
854,30.0,South,SaaS,1-10,web,8,3,9.39,1,15,1,673.99,0,2
855,32.0,West,Manufacturing,1-10,referral,6,1,5.68,2,24,0,815.45,1,1
856,62.0,West,Manufacturing,1000+,referral,8,4,7.48,1,11,2,499.41,0,1
857,30.0,Midwest,Education,51-200,web,6,3,9.47,1,41,2,690.78,1,2
858,20.0,Midwest,Manufacturing,51-200,ads,14,5,6.15,0,8,4,218.36,0,2
859,52.0,Midwest,Healthcare,1-10,events,6,2,6.56,0,51,1,315.84,0,1
860,59.0,Midwest,Education,11-50,web,4,3,5.68,0,58,4,345.22,1,1
861,68.0,South,Education,51-200,events,4,2,7.8,3,13,1,799.94,0,1
862,66.0,West,Finance,201-1000,ads,9,5,8.48,2,10,2,135.89,0,1
863,24.0,West,E-commerce,11-50,ads,11,3,7.27,2,26,2,288.87,0,2
864,58.0,South,Finance,201-1000,ads,4,1,6.0,1,29,1,29.4,0,1
865,61.0,South,Manufacturing,51-200,referral,4,8,3.2,0,114,3,753.73,0,1
866,54.0,West,Manufacturing,1-10,web,10,3,6.39,2,84,0,968.54,0,2
867,60.0,West,Healthcare,11-50,ads,6,5,6.08,0,71,0,533.63,0,1
868,61.0,Northeast,E-commerce,11-50,events,2,2,7.02,0,53,2,1009.46,1,1
869,41.0,South,Education,11-50,ads,12,4,6.76,1,57,2,402.94,1,2
870,,West,SaaS,51-200,ads,10,2,9.96,0,83,5,618.44,0,0
871,41.0,Midwest,SaaS,11-50,partner,6,4,4.97,1,13,0,488.47,1,1
872,28.0,Midwest,Finance,11-50,referral,8,5,3.03,0,37,1,654.73,0,2
873,23.0,West,Manufacturing,51-200,web,6,4,3.99,0,5,0,629.95,0,2
874,24.0,West,E-commerce,51-200,ads,9,6,5.11,0,21,2,667.95,0,2
875,54.0,West,Healthcare,51-200,events,8,3,8.88,1,12,2,787.16,1,2
876,44.0,West,E-commerce,51-200,referral,5,1,3.65,2,219,0,453.08,0,0
877,46.0,Midwest,Healthcare,11-50,events,6,3,3.94,0,100,0,827.68,0,1
878,56.0,Midwest,SaaS,51-200,events,10,5,7.41,0,101,3,1201.67,0,2
879,46.0,South,Finance,11-50,referral,6,5,8.37,5,106,0,861.75,1,2
880,50.0,South,Finance,11-50,ads,14,2,3.09,0,7,2,426.92,0,1
881,22.0,South,E-commerce,1-10,partner,11,3,2.6,3,11,2,543.28,0,2
882,62.0,South,E-commerce,51-200,ads,8,2,4.77,3,27,3,729.47,0,1
883,41.0,Midwest,Education,51-200,partner,7,3,7.95,1,59,2,801.33,0,2
884,26.0,South,E-commerce,11-50,events,9,6,6.82,3,75,3,652.55,0,2
885,60.0,Midwest,SaaS,201-1000,partner,13,1,4.85,1,22,2,196.39,0,1
886,56.0,Midwest,SaaS,201-1000,events,4,4,8.13,4,52,3,500.27,0,1
887,20.0,Northeast,Manufacturing,1-10,events,8,3,6.77,1,51,4,756.42,0,2
888,28.0,Northeast,Healthcare,51-200,events,16,3,6.26,0,55,2,626.65,0,2
889,18.0,West,SaaS,11-50,events,6,0,2.95,0,61,3,977.58,1,2
890,32.0,Midwest,Manufacturing,1000+,referral,9,1,4.8,1,250,3,277.98,0,0
891,23.0,Midwest,SaaS,11-50,web,9,7,10.81,1,26,1,1124.27,1,2
892,,South,Healthcare,11-50,web,12,4,5.76,0,21,4,1045.84,0,2
893,45.0,South,SaaS,11-50,referral,10,2,4.4,0,26,0,50.66,0,1
894,68.0,Northeast,Education,11-50,partner,7,5,5.66,0,194,3,491.38,0,0
895,56.0,Midwest,Education,51-200,ads,8,4,6.76,0,29,0,1053.93,0,2
896,49.0,Northeast,Education,51-200,ads,8,2,8.44,2,15,3,92.3,0,1
897,44.0,South,E-commerce,11-50,web,7,2,7.87,3,9,3,321.34,0,1
898,20.0,Midwest,E-commerce,51-200,partner,8,3,5.01,1,53,2,712.23,0,2
899,21.0,Northeast,Manufacturing,201-1000,referral,7,3,9.3,0,64,2,355.12,0,0
900,50.0,Northeast,Education,201-1000,partner,8,2,8.29,0,29,3,611.99,0,1
901,18.0,South,SaaS,51-200,web,8,3,5.52,3,33,1,757.7,0,2
902,20.0,Northeast,Education,11-50,referral,6,4,6.22,1,1,2,381.37,0,2
903,29.0,West,Education,1-10,web,7,2,7.82,2,22,2,278.79,0,1
904,63.0,Northeast,Finance,201-1000,referral,9,4,8.86,1,135,1,847.39,0,0
905,41.0,South,Finance,201-1000,events,9,4,3.16,3,97,1,1089.85,0,2
906,54.0,Midwest,SaaS,51-200,ads,9,3,6.65,3,89,3,583.1,0,1
907,39.0,Midwest,SaaS,201-1000,ads,10,0,6.43,2,52,2,1088.63,1,2
908,27.0,Northeast,SaaS,1-10,referral,11,3,5.24,1,34,0,873.32,0,2
909,37.0,West,SaaS,51-200,referral,5,1,5.23,0,37,4,994.46,0,2
910,22.0,West,Manufacturing,11-50,partner,6,3,8.82,1,51,4,668.61,0,2
911,58.0,Northeast,Finance,1-10,events,3,3,7.68,0,13,2,681.74,0,1
912,27.0,Northeast,Education,51-200,partner,7,0,11.13,2,95,3,599.96,0,0
913,37.0,West,E-commerce,11-50,partner,10,1,5.25,0,6,1,267.58,0,1
914,68.0,South,Manufacturing,1000+,ads,8,1,6.8,0,36,3,520.78,0,1
915,48.0,Northeast,E-commerce,11-50,web,5,4,7.18,0,19,1,244.4,0,1
916,41.0,Northeast,Manufacturing,201-1000,partner,10,6,8.47,3,93,3,472.6,0,2
917,46.0,South,SaaS,201-1000,events,6,6,9.49,3,93,2,1148.7,0,2
918,58.0,South,SaaS,51-200,ads,6,1,6.71,3,19,1,1064.57,0,1
919,,South,SaaS,1000+,web,5,2,4.09,2,15,2,410.01,0,1
920,51.0,West,Education,11-50,partner,5,5,4.94,1,2,1,422.35,1,1
921,63.0,South,E-commerce,11-50,events,9,2,6.81,2,55,6,353.47,0,1
922,47.0,Midwest,Healthcare,1-10,referral,6,3,8.97,2,8,4,345.15,0,1
923,41.0,South,Healthcare,11-50,web,13,2,3.32,1,61,2,366.02,0,1
924,25.0,Midwest,Education,201-1000,partner,6,1,3.93,1,97,4,484.69,0,1
925,30.0,Midwest,Healthcare,51-200,referral,8,1,8.17,0,91,2,484.27,0,0
926,67.0,Northeast,SaaS,11-50,partner,7,5,3.65,1,74,2,688.68,0,1
927,46.0,Midwest,Healthcare,11-50,partner,10,4,4.02,3,79,3,909.2,0,2
928,33.0,South,E-commerce,51-200,referral,8,1,9.0,0,139,2,429.56,1,0
929,39.0,Northeast,Education,201-1000,web,4,1,6.01,1,113,0,998.73,0,0
930,48.0,Midwest,Education,11-50,ads,5,2,5.84,0,41,0,484.46,0,1
931,45.0,South,SaaS,201-1000,ads,10,2,9.51,1,178,5,1052.13,0,0
932,54.0,South,Education,51-200,events,12,1,4.16,1,15,2,420.14,0,1
933,31.0,West,SaaS,201-1000,referral,9,3,3.72,0,44,3,566.41,0,2
934,51.0,West,Finance,11-50,referral,7,8,10.08,1,45,0,768.62,0,2
935,41.0,South,Healthcare,51-200,events,8,5,7.01,5,142,3,1005.09,0,2
936,66.0,Northeast,E-commerce,1-10,partner,5,1,8.0,1,186,2,647.93,1,0
937,26.0,South,Healthcare,11-50,partner,5,3,5.82,1,14,1,684.76,0,2
938,25.0,South,E-commerce,201-1000,events,9,4,6.27,3,121,2,658.67,0,2
939,42.0,Midwest,Education,51-200,partner,10,2,4.95,1,189,2,830.02,0,0
940,44.0,Northeast,Manufacturing,1-10,events,7,4,7.2,1,68,4,59.03,0,1
941,53.0,Midwest,,201-1000,partner,6,1,8.33,0,18,2,405.98,0,1
942,39.0,Midwest,,1-10,ads,10,3,6.93,2,154,4,989.08,0,0
943,65.0,Midwest,Finance,51-200,web,7,3,8.83,0,32,3,231.48,0,1
944,,Northeast,Healthcare,1000+,partner,13,6,7.96,3,15,3,443.82,0,2
945,24.0,West,Education,51-200,partner,9,1,4.19,0,32,4,315.82,0,1
946,24.0,West,Finance,201-1000,events,2,4,6.18,3,45,3,843.79,0,2
947,68.0,Northeast,Healthcare,51-200,partner,9,5,5.51,1,6,3,597.25,0,1
948,24.0,West,Healthcare,201-1000,ads,6,4,8.16,1,47,1,761.71,0,2
949,67.0,Northeast,Healthcare,51-200,ads,3,1,7.52,2,10,4,1051.87,0,1
950,32.0,West,Finance,51-200,web,4,4,6.78,1,224,2,702.05,0,0
951,22.0,West,Education,11-50,web,6,3,8.73,3,91,2,561.83,0,2
952,33.0,Northeast,Healthcare,201-1000,web,7,0,2.4,0,65,2,493.56,0,1
953,,West,Education,11-50,events,6,5,5.17,2,13,0,340.07,0,1
954,40.0,West,Education,1000+,partner,7,4,5.36,0,176,2,749.76,0,0
955,58.0,West,Healthcare,11-50,referral,11,0,7.05,0,90,0,1300.18,0,0
956,49.0,West,Manufacturing,11-50,ads,4,1,7.72,2,25,2,601.43,0,1
957,38.0,South,E-commerce,201-1000,ads,10,1,6.5,0,16,1,702.14,0,2
958,51.0,Northeast,Manufacturing,11-50,referral,14,1,3.61,1,8,3,750.45,1,2
959,68.0,West,E-commerce,11-50,ads,7,0,7.39,0,33,2,511.73,0,1
960,39.0,South,Finance,201-1000,referral,7,3,6.78,1,16,4,684.22,0,2
961,25.0,South,E-commerce,1-10,partner,8,2,3.27,0,6,1,360.42,1,1
962,39.0,Midwest,Healthcare,1-10,partner,7,3,5.85,0,29,6,470.95,0,1
963,61.0,South,Healthcare,51-200,web,6,1,7.32,0,365,6,427.09,0,0
964,29.0,Northeast,Education,11-50,ads,11,1,10.14,0,69,2,1191.46,0,2
965,67.0,South,SaaS,11-50,events,14,4,4.1,0,16,1,934.72,1,2
966,48.0,Northeast,Manufacturing,1-10,events,8,3,8.24,0,155,1,442.14,0,0
967,49.0,South,Manufacturing,11-50,partner,9,0,4.13,2,25,0,192.2,0,1
968,34.0,West,Finance,11-50,partner,7,1,3.7,1,0,5,661.9,0,1
969,65.0,South,Finance,1-10,web,4,2,3.83,1,18,5,681.7,0,1
970,19.0,South,Education,51-200,events,4,5,7.83,0,37,5,1124.6,0,2
971,33.0,Midwest,E-commerce,51-200,partner,6,1,6.79,1,3,2,745.99,0,1
972,39.0,West,Education,1-10,events,6,0,5.81,0,115,1,675.83,0,0
973,42.0,South,E-commerce,11-50,events,10,2,7.51,1,214,0,619.32,0,0
974,42.0,Midwest,Education,201-1000,referral,9,3,6.59,0,6,3,711.26,1,2
975,25.0,Northeast,E-commerce,51-200,web,9,6,6.74,0,9,1,799.62,1,2
976,29.0,Northeast,Education,11-50,partner,11,4,5.83,1,330,3,708.02,0,0
977,22.0,South,Education,51-200,ads,8,2,,0,181,0,416.19,0,0
978,47.0,West,E-commerce,11-50,web,7,2,10.22,1,66,3,223.57,0,1
979,36.0,South,Finance,201-1000,referral,14,5,9.58,1,11,2,1001.23,1,2
980,47.0,Northeast,Healthcare,1000+,events,7,1,10.0,0,81,1,529.2,0,0
981,48.0,West,E-commerce,1000+,referral,10,4,5.31,3,79,3,842.43,0,2
982,54.0,Midwest,Finance,11-50,referral,8,2,5.0,2,16,2,359.16,0,1
983,46.0,West,Manufacturing,11-50,partner,7,6,5.59,3,129,2,973.41,0,2
984,51.0,Midwest,SaaS,1-10,partner,6,7,8.86,5,47,3,1097.47,0,2
985,48.0,South,Manufacturing,11-50,referral,9,6,6.5,3,80,4,607.44,0,2
986,,West,Manufacturing,11-50,events,4,5,5.3,2,41,2,551.63,0,1
987,50.0,Midwest,Finance,51-200,ads,10,4,7.3,3,113,0,805.96,1,2
988,34.0,South,Finance,1-10,web,3,4,4.88,1,49,1,504.92,0,1
989,30.0,West,Healthcare,1000+,referral,9,3,3.52,3,17,1,677.64,0,2
990,58.0,Northeast,SaaS,1-10,events,5,5,6.78,1,99,3,912.9,0,0
991,35.0,Northeast,Finance,1-10,web,10,5,5.36,2,109,1,521.03,1,2
992,46.0,South,Education,201-1000,web,8,1,6.47,2,20,1,222.65,0,1
993,28.0,Midwest,E-commerce,201-1000,partner,8,4,0.59,3,46,4,644.27,1,2
994,40.0,Northeast,Education,11-50,ads,6,0,4.54,2,283,4,717.07,0,0
995,,South,Education,51-200,referral,6,2,6.4,0,79,1,593.23,0,1
996,50.0,South,Education,11-50,ads,8,1,3.16,0,165,5,1111.83,0,0
997,45.0,Midwest,Healthcare,1-10,web,9,2,3.24,1,299,1,862.63,0,0
998,36.0,Midwest,Healthcare,51-200,referral,3,6,6.59,0,58,2,764.8,0,2
999,68.0,West,Healthcare,11-50,referral,16,2,8.04,1,31,2,855.71,1,2
1000,44.0,South,Manufacturing,51-200,ads,7,4,4.54,0,151,2,967.74,0,0
1001,60.0,West,Manufacturing,11-50,partner,16,0,5.92,0,38,2,506.47,1,1
1002,56.0,Midwest,Healthcare,51-200,events,8,4,5.97,0,12,0,741.23,0,1
1003,47.0,West,Manufacturing,201-1000,web,3,4,3.06,0,52,2,938.27,1,1
1004,64.0,South,Finance,1-10,referral,5,2,9.1,1,163,3,1113.03,0,0
1005,24.0,Northeast,Healthcare,1-10,referral,8,1,6.1,1,2,3,754.38,0,2
1006,65.0,West,SaaS,11-50,ads,5,3,6.12,3,119,1,495.79,0,1
1007,62.0,South,Finance,201-1000,ads,9,4,7.32,1,2,6,638.17,0,1
1008,44.0,Northeast,Finance,51-200,events,10,1,3.07,1,125,1,309.69,0,1
1009,56.0,Northeast,Manufacturing,201-1000,events,8,4,8.52,1,27,3,420.89,0,1
1010,,South,Education,11-50,partner,8,5,8.81,2,124,4,547.74,0,0
1011,31.0,Northeast,SaaS,11-50,web,9,3,6.81,2,16,0,213.89,0,1
1012,59.0,Midwest,Finance,51-200,web,6,5,7.52,0,41,5,458.91,0,1
1013,30.0,Northeast,Education,11-50,events,10,5,5.78,1,36,2,398.36,0,2
1014,34.0,Midwest,Healthcare,201-1000,events,4,3,8.4,1,120,0,1244.92,0,0
1015,45.0,Midwest,Healthcare,1-10,referral,7,6,4.69,2,48,7,735.17,1,2
1016,61.0,South,Education,11-50,web,10,0,6.43,3,58,1,601.4,0,1
1017,37.0,Midwest,Finance,51-200,partner,6,4,6.56,2,38,0,235.81,0,1
1018,,Northeast,Education,51-200,ads,9,3,6.41,1,124,4,1234.86,0,2
1019,20.0,South,Healthcare,51-200,events,7,7,8.85,2,1,5,743.83,1,2
1020,24.0,Midwest,E-commerce,11-50,ads,3,1,,1,115,6,1132.36,0,0
1021,20.0,South,Finance,1000+,partner,14,4,6.26,1,39,2,517.1,0,2
1022,21.0,Northeast,Manufacturing,201-1000,partner,8,2,7.53,2,17,0,825.82,1,2
1023,63.0,Northeast,Finance,201-1000,web,6,2,4.73,2,87,3,611.17,1,1
1024,61.0,Midwest,Education,51-200,web,7,2,8.77,2,37,2,498.91,1,1
1025,60.0,Midwest,SaaS,51-200,partner,4,1,5.36,2,49,4,836.28,0,1
1026,20.0,Midwest,Manufacturing,51-200,web,9,3,13.42,1,13,3,1109.31,0,2
1027,22.0,West,E-commerce,11-50,referral,8,0,2.82,0,41,2,413.28,0,1
1028,32.0,Midwest,Manufacturing,11-50,partner,11,3,11.22,1,129,4,626.45,0,0
1029,47.0,South,Healthcare,51-200,referral,7,6,8.68,2,17,3,563.01,0,2
1030,35.0,South,Manufacturing,1-10,web,11,6,4.03,0,21,3,825.43,0,2
1031,43.0,Northeast,Manufacturing,1-10,web,13,4,11.6,1,57,1,322.23,1,2
1032,26.0,South,Education,201-1000,ads,6,3,4.46,1,51,2,161.14,0,1
1033,56.0,Midwest,Manufacturing,1-10,partner,9,5,5.81,1,48,1,278.77,0,1
1034,34.0,Midwest,Finance,51-200,partner,5,1,3.65,1,50,2,415.8,0,1
1035,21.0,Northeast,Manufacturing,51-200,events,7,5,6.18,2,59,1,557.63,1,2
1036,56.0,West,E-commerce,1-10,partner,10,4,6.38,4,56,2,804.29,1,2
1037,64.0,West,SaaS,201-1000,partner,5,1,8.33,3,109,3,498.01,0,1
1038,18.0,Northeast,Finance,1-10,referral,8,3,11.86,1,173,3,728.5,0,0
1039,40.0,South,Education,201-1000,referral,7,2,5.37,1,44,2,537.91,1,1
1040,61.0,West,Education,201-1000,referral,10,2,0.5,0,3,0,848.89,1,1
1041,54.0,Midwest,Finance,11-50,web,11,3,7.93,0,12,1,699.86,0,2
1042,62.0,West,Finance,1-10,events,14,4,5.29,3,132,3,1078.7,0,2
1043,39.0,South,Finance,11-50,referral,3,4,10.5,0,78,3,693.48,0,0
1044,37.0,West,Manufacturing,11-50,ads,11,3,6.42,0,57,2,238.62,0,1
1045,54.0,West,Manufacturing,11-50,referral,6,8,4.83,0,4,3,239.32,0,1
1046,25.0,Northeast,,1000+,web,10,3,4.27,1,143,3,629.81,0,0
1047,30.0,Midwest,Finance,11-50,events,6,3,7.87,0,126,3,806.51,0,0
1048,49.0,South,Healthcare,201-1000,referral,12,3,5.89,0,137,2,237.56,0,0
1049,52.0,Northeast,Education,1-10,web,11,4,9.73,1,10,0,703.72,0,2
1050,24.0,Midwest,Finance,1000+,referral,9,1,6.04,1,112,3,530.26,0,0
1051,44.0,West,Manufacturing,11-50,web,7,3,9.61,0,68,1,590.88,0,1
1052,36.0,Northeast,Healthcare,11-50,events,7,4,3.46,0,33,2,633.9,0,2
1053,44.0,Midwest,Education,51-200,web,8,0,2.68,2,44,3,387.61,0,1
1054,67.0,West,SaaS,1-10,referral,2,2,8.32,3,6,5,614.81,1,1
1055,21.0,Midwest,Manufacturing,201-1000,referral,9,2,5.48,2,90,3,798.88,0,2
1056,69.0,South,SaaS,11-50,web,10,3,5.92,1,168,4,737.81,0,0
1057,41.0,West,Healthcare,51-200,web,8,3,4.27,1,184,3,465.0,0,0
1058,58.0,South,Manufacturing,51-200,ads,9,5,4.11,1,12,1,700.73,0,1
1059,40.0,Northeast,Manufacturing,51-200,referral,7,3,7.9,1,64,1,957.16,0,2
1060,34.0,Northeast,Healthcare,1-10,web,4,3,6.46,2,34,3,221.57,0,1
1061,58.0,West,Healthcare,1-10,referral,10,4,4.17,0,44,1,560.04,1,1
1062,53.0,Midwest,SaaS,1-10,referral,8,2,8.24,1,7,0,704.51,1,1
1063,25.0,South,Manufacturing,11-50,ads,5,0,9.08,0,202,2,199.37,0,0
1064,54.0,Northeast,SaaS,1-10,events,12,1,6.26,0,11,3,420.13,1,1
1065,57.0,Midwest,SaaS,1000+,referral,5,4,8.71,0,26,2,319.41,1,1
1066,38.0,West,Healthcare,51-200,partner,2,2,4.3,0,16,4,599.78,0,1
1067,66.0,South,SaaS,51-200,partner,3,2,7.77,1,14,1,297.81,1,1
1068,51.0,West,SaaS,11-50,web,10,3,6.86,1,113,2,646.22,0,0
1069,35.0,Midwest,Finance,11-50,ads,11,8,4.76,3,44,1,390.7,0,2
1070,18.0,South,Education,51-200,ads,7,1,11.02,1,153,1,1006.18,0,0
1071,,West,E-commerce,11-50,ads,13,1,7.01,1,25,1,1091.05,0,2
1072,28.0,Midwest,Education,11-50,web,10,2,5.2,1,4,3,573.53,0,2
1073,,Midwest,,51-200,ads,9,3,6.54,4,17,1,932.91,1,2
1074,45.0,West,E-commerce,51-200,web,5,5,4.59,1,56,2,651.21,0,1
1075,42.0,Midwest,,1000+,events,8,4,3.95,1,38,4,436.82,0,1
1076,26.0,South,Finance,11-50,ads,7,2,5.51,1,86,0,505.88,0,1
1077,54.0,West,Education,51-200,web,10,9,5.66,0,15,6,561.85,0,2
1078,26.0,Northeast,SaaS,1-10,ads,13,1,4.73,0,15,4,795.66,0,2
1079,39.0,Midwest,E-commerce,11-50,events,9,8,9.25,1,26,1,377.85,1,2
1080,61.0,Northeast,E-commerce,201-1000,partner,9,4,4.82,1,26,2,750.33,1,1
1081,65.0,Midwest,Healthcare,1-10,referral,10,4,4.45,3,40,2,0.0,0,1
1082,69.0,Northeast,Manufacturing,51-200,events,3,4,3.89,1,9,1,426.89,0,1
1083,67.0,South,Education,11-50,web,6,4,3.68,2,88,1,597.51,0,1
1084,46.0,Northeast,Finance,1-10,referral,11,5,8.76,1,47,3,861.34,1,2
1085,28.0,South,Finance,1000+,web,10,4,7.07,3,10,2,730.48,0,2
1086,61.0,Midwest,Manufacturing,11-50,events,10,2,8.02,1,78,2,714.08,0,1
1087,59.0,Midwest,Healthcare,201-1000,partner,7,4,8.74,2,45,5,820.01,0,2
1088,69.0,Midwest,E-commerce,11-50,ads,12,3,5.77,1,54,3,1129.89,0,2
1089,51.0,South,SaaS,1000+,partner,6,4,9.74,1,80,2,642.08,0,0
1090,25.0,South,E-commerce,11-50,referral,9,4,5.12,0,143,2,428.32,0,0
1091,44.0,Midwest,Finance,11-50,web,8,5,4.09,2,9,1,621.39,1,2
1092,41.0,West,Healthcare,201-1000,events,6,2,7.32,0,174,2,406.04,0,0
1093,61.0,South,Healthcare,11-50,events,6,4,6.82,0,5,4,781.58,0,1
1094,38.0,Northeast,Healthcare,11-50,web,7,2,6.81,3,65,4,258.12,0,1
1095,35.0,West,Manufacturing,1000+,web,7,8,8.73,0,9,1,794.63,1,2
1096,22.0,Midwest,Manufacturing,51-200,ads,10,2,6.73,0,39,1,670.57,0,2
1097,61.0,Northeast,SaaS,51-200,web,5,3,7.19,1,104,3,526.87,0,1
1098,,South,SaaS,51-200,partner,9,2,9.49,1,152,2,579.15,0,0
1099,20.0,Northeast,E-commerce,201-1000,events,10,4,7.09,3,19,4,1003.99,1,2
1100,40.0,Midwest,Manufacturing,201-1000,referral,15,4,7.59,2,131,1,221.33,0,0
1101,42.0,South,Healthcare,51-200,referral,10,2,3.38,0,92,0,446.26,0,1
1102,,Northeast,Manufacturing,11-50,events,6,1,14.68,0,4,3,531.64,1,1
1103,65.0,West,Finance,1-10,referral,8,2,3.0,3,82,2,604.91,0,1
1104,25.0,West,Finance,51-200,referral,7,4,5.31,0,105,3,1473.33,0,2
1105,33.0,South,E-commerce,201-1000,web,7,4,5.25,1,15,3,308.92,0,1
1106,27.0,South,Healthcare,51-200,events,8,3,11.14,0,57,2,616.36,0,2
1107,30.0,South,SaaS,1-10,events,7,3,5.18,0,212,3,364.84,0,0
1108,65.0,West,Finance,11-50,web,6,1,7.47,3,14,2,301.11,0,1
1109,66.0,Midwest,E-commerce,51-200,events,5,3,5.26,3,64,0,563.0,0,1
1110,20.0,Northeast,E-commerce,201-1000,web,8,6,4.21,0,17,0,503.12,1,2
1111,50.0,South,SaaS,1-10,web,5,2,7.75,0,50,2,1072.08,0,1
1112,30.0,South,Education,51-200,referral,6,3,4.92,1,38,3,813.39,1,2
1113,28.0,Northeast,Manufacturing,201-1000,ads,10,5,6.96,1,56,2,622.92,0,2
1114,33.0,South,Healthcare,1000+,events,6,2,7.88,4,145,2,818.6,0,0
1115,28.0,Northeast,Finance,1-10,partner,4,7,10.69,0,71,4,778.09,0,2
1116,43.0,West,Manufacturing,1000+,web,8,5,3.72,2,103,2,429.5,0,1
1117,69.0,Midwest,Finance,51-200,ads,10,5,6.16,2,82,3,555.5,1,1
1118,48.0,Northeast,Finance,201-1000,events,13,3,6.25,2,57,0,255.73,0,1
1119,55.0,Northeast,Healthcare,1-10,partner,9,5,6.5,1,35,3,766.92,1,2
1120,43.0,Midwest,Finance,51-200,referral,11,5,12.15,2,83,3,749.52,0,2
1121,18.0,Midwest,Finance,51-200,web,8,1,6.12,3,78,1,1026.55,0,2
1122,,Northeast,Education,11-50,ads,4,3,0.95,0,57,2,524.56,0,1
1123,31.0,Midwest,Finance,11-50,ads,8,0,6.06,1,124,5,429.72,0,0
1124,30.0,Northeast,Finance,51-200,referral,12,2,6.24,0,209,1,579.5,0,0
1125,61.0,Midwest,SaaS,51-200,web,7,2,5.97,0,219,4,877.44,0,0
1126,61.0,Midwest,Manufacturing,1-10,web,8,3,4.92,1,163,1,569.65,0,0
1127,62.0,Midwest,Manufacturing,11-50,ads,6,2,3.59,1,15,1,509.35,0,1
1128,51.0,Midwest,E-commerce,11-50,events,8,0,11.25,0,129,1,935.43,0,0
1129,46.0,Northeast,E-commerce,1000+,ads,8,3,7.2,1,55,2,748.22,0,2
1130,51.0,Northeast,Manufacturing,1000+,ads,11,2,6.08,0,19,2,606.78,0,1
1131,39.0,Northeast,E-commerce,11-50,events,10,4,11.18,0,10,3,860.52,0,2
1132,,South,Education,1-10,partner,8,3,4.59,0,180,0,127.64,0,0
1133,59.0,West,Education,11-50,partner,6,2,7.83,1,34,4,442.79,0,1
1134,57.0,West,Manufacturing,51-200,ads,10,5,3.75,1,222,1,827.42,0,0
1135,49.0,South,SaaS,201-1000,partner,8,3,8.15,1,55,3,713.47,0,2
1136,21.0,South,Healthcare,51-200,ads,6,6,4.0,3,46,2,311.37,1,2
1137,55.0,Midwest,Finance,1-10,partner,5,2,7.54,0,101,2,428.46,0,1
1138,37.0,West,Manufacturing,1-10,partner,3,1,10.8,1,145,1,719.15,0,0
1139,56.0,West,E-commerce,11-50,partner,9,7,6.71,2,5,2,1135.71,0,2
1140,46.0,West,E-commerce,201-1000,events,5,7,1.68,4,18,3,647.4,1,2
1141,,West,E-commerce,51-200,referral,12,2,6.58,2,57,3,266.99,0,1
1142,35.0,Midwest,Education,51-200,partner,8,2,7.56,3,21,3,988.66,0,2
1143,66.0,West,Manufacturing,11-50,web,7,1,8.48,1,7,0,543.37,1,1
1144,61.0,West,SaaS,1000+,ads,7,3,9.74,2,27,2,738.11,0,1
1145,35.0,Midwest,E-commerce,11-50,events,6,1,9.85,2,11,3,791.31,0,2
1146,43.0,West,E-commerce,201-1000,partner,4,0,6.21,1,35,4,767.33,1,1
1147,45.0,Northeast,Manufacturing,201-1000,referral,11,0,5.05,2,48,4,629.08,0,1
1148,57.0,West,Healthcare,51-200,partner,5,1,4.04,1,251,4,439.61,0,0
1149,53.0,West,E-commerce,201-1000,referral,16,4,5.31,0,96,2,881.8,0,2
1150,62.0,Northeast,E-commerce,11-50,ads,8,5,7.55,2,136,2,1006.68,0,0
1151,37.0,South,Finance,51-200,referral,5,7,3.53,1,43,4,364.23,0,1
1152,44.0,Northeast,Healthcare,1-10,partner,12,2,4.46,1,130,3,1005.15,0,0
1153,40.0,West,SaaS,51-200,web,5,3,7.74,0,91,1,381.31,0,1
1154,65.0,West,Education,11-50,ads,8,3,5.08,0,81,1,567.05,0,1
1155,33.0,South,Healthcare,1-10,events,6,4,7.31,2,9,4,1114.25,1,2
1156,48.0,West,E-commerce,1-10,partner,6,2,4.71,0,4,3,461.27,0,1
1157,24.0,Northeast,Education,11-50,ads,9,2,7.13,1,138,0,515.85,0,0
1158,62.0,Midwest,Education,51-200,events,8,4,4.8,1,51,2,436.5,0,1
1159,37.0,Midwest,SaaS,51-200,web,8,4,2.32,2,6,4,605.19,0,2
1160,35.0,Northeast,SaaS,11-50,events,11,4,8.6,1,61,5,827.69,0,2
1161,48.0,Midwest,SaaS,1000+,referral,5,3,4.97,0,55,1,440.68,0,1
1162,43.0,Midwest,Education,1000+,events,10,3,,2,5,2,828.31,1,2
1163,62.0,Midwest,Finance,1-10,events,8,2,4.98,1,20,1,438.97,0,1
1164,,Midwest,Education,11-50,partner,8,4,7.7,1,22,2,750.13,1,2
1165,44.0,West,Finance,51-200,partner,6,2,7.23,0,19,3,483.31,0,1
1166,23.0,Midwest,Healthcare,201-1000,partner,10,2,7.69,1,41,4,929.13,1,2
1167,19.0,West,Finance,11-50,referral,10,3,5.29,1,45,1,594.66,0,2
1168,38.0,Midwest,Education,201-1000,web,6,0,6.39,2,33,2,794.07,0,1
1169,69.0,Midwest,Healthcare,1-10,referral,5,3,7.42,2,9,3,1220.11,0,2
1170,65.0,South,Manufacturing,11-50,ads,9,5,9.9,0,52,2,255.94,0,1
1171,50.0,Midwest,Manufacturing,201-1000,partner,8,2,7.17,1,161,2,239.44,0,0
1172,50.0,Midwest,Education,51-200,referral,9,5,4.29,0,29,3,1075.9,0,2
1173,,South,Manufacturing,201-1000,ads,8,3,7.09,2,2,3,612.82,1,2
1174,27.0,Northeast,Healthcare,1-10,web,6,3,6.14,1,2,4,637.76,0,2
1175,18.0,Midwest,SaaS,1-10,web,6,3,2.1,3,126,1,403.8,0,1
1176,35.0,South,Healthcare,1-10,events,9,3,2.44,0,148,4,1132.29,0,0
1177,34.0,Midwest,Education,1-10,events,15,5,6.35,1,66,3,424.68,0,2
1178,27.0,West,Education,1-10,events,10,4,6.54,0,123,2,678.5,0,0
1179,31.0,Midwest,Healthcare,51-200,referral,6,4,5.85,0,128,2,264.24,0,0
1180,19.0,West,E-commerce,51-200,ads,6,4,8.45,3,6,0,345.37,0,2
1181,49.0,West,Healthcare,51-200,partner,7,3,4.44,2,41,3,355.98,0,1
1182,66.0,West,Education,11-50,referral,12,3,3.45,2,59,2,706.33,0,1
1183,53.0,West,SaaS,1-10,partner,7,3,4.68,2,98,1,395.64,0,1
1184,41.0,Northeast,E-commerce,51-200,partner,11,0,5.16,3,153,1,415.35,0,0
1185,39.0,South,E-commerce,1-10,ads,8,1,6.37,4,25,4,364.5,0,1
1186,33.0,Northeast,Education,201-1000,ads,9,3,4.75,2,20,1,430.97,0,1
1187,25.0,West,Healthcare,1-10,referral,9,5,1.79,1,15,1,340.18,0,2
1188,49.0,South,SaaS,51-200,events,9,6,0.85,3,51,2,841.29,0,2
1189,47.0,Midwest,E-commerce,201-1000,events,11,6,6.77,4,76,2,752.47,0,2
1190,18.0,West,SaaS,51-200,events,7,4,4.02,1,52,0,153.44,0,1
1191,39.0,Northeast,Healthcare,51-200,partner,9,1,2.09,1,167,2,424.31,0,0
1192,32.0,South,Manufacturing,51-200,referral,7,1,7.87,1,95,3,627.67,1,0
1193,26.0,South,,1-10,partner,8,2,9.9,2,16,2,633.89,1,2
1194,54.0,Northeast,Manufacturing,51-200,referral,4,7,6.29,0,168,2,404.26,0,0
1195,45.0,South,Education,201-1000,events,10,5,7.09,1,153,2,946.26,0,0
1196,50.0,West,Manufacturing,1000+,referral,12,2,7.11,3,61,3,403.38,1,1
1197,55.0,Northeast,E-commerce,11-50,ads,10,1,,2,5,3,433.61,0,1
1198,69.0,South,Manufacturing,11-50,web,7,2,8.46,1,44,2,381.27,0,1
1199,59.0,Midwest,E-commerce,201-1000,web,10,3,9.23,1,15,1,906.39,0,2
1200,50.0,South,Healthcare,51-200,referral,7,2,10.54,1,12,2,989.31,0,2
1201,63.0,Northeast,Education,11-50,ads,6,3,5.54,2,6,7,690.76,1,1
1202,42.0,West,E-commerce,1-10,web,11,1,4.0,0,10,4,906.62,0,2
1203,69.0,West,E-commerce,1-10,events,5,4,9.49,1,21,4,460.96,0,1
1204,57.0,Northeast,SaaS,51-200,web,3,4,7.6,3,17,1,887.16,1,1
1205,51.0,Midwest,SaaS,1-10,events,9,3,8.42,1,218,3,300.06,0,0
1206,64.0,South,Finance,1-10,referral,10,4,5.08,1,30,4,1091.17,0,2
1207,44.0,South,Manufacturing,1-10,referral,13,2,7.1,1,15,1,379.76,1,1
1208,55.0,Midwest,E-commerce,1000+,web,12,3,4.18,3,31,1,814.53,0,2
1209,32.0,Northeast,Healthcare,1-10,events,8,0,6.49,3,69,1,1102.44,0,2
1210,68.0,Northeast,Manufacturing,1-10,partner,5,2,5.73,1,88,1,660.5,0,1
1211,50.0,West,Education,51-200,web,12,0,11.66,1,21,0,582.98,0,1
1212,58.0,Midwest,SaaS,11-50,web,11,5,7.71,0,3,1,969.36,1,2
1213,41.0,West,Finance,1000+,partner,13,2,1.77,0,16,2,199.89,0,1
1214,63.0,South,SaaS,1000+,events,4,1,6.5,1,45,3,232.21,0,1
1215,21.0,West,E-commerce,11-50,web,7,4,7.31,1,137,2,616.88,1,0
1216,23.0,Northeast,E-commerce,11-50,referral,9,3,5.46,3,6,2,601.49,0,2
1217,44.0,Northeast,Finance,11-50,ads,7,2,4.07,0,22,1,650.8,0,1
1218,56.0,West,E-commerce,1-10,web,12,2,7.95,0,28,5,1001.75,0,2
1219,60.0,West,E-commerce,11-50,referral,4,0,4.38,1,7,4,593.82,0,1
1220,40.0,Midwest,E-commerce,1-10,web,9,2,7.77,2,0,1,463.56,0,1
1221,51.0,Midwest,Healthcare,1-10,ads,7,3,4.2,3,175,0,713.98,0,0
1222,46.0,Midwest,Finance,51-200,partner,7,5,5.33,0,249,4,282.76,0,0
1223,67.0,Midwest,Healthcare,1-10,ads,12,6,8.6,1,20,2,493.73,0,2
1224,52.0,Northeast,E-commerce,1-10,referral,13,3,7.58,2,95,3,438.54,0,2
1225,39.0,West,Finance,51-200,ads,7,1,6.57,0,12,2,540.88,0,1
1226,68.0,Midwest,Finance,11-50,ads,9,2,6.43,0,181,2,348.55,0,0
1227,23.0,South,SaaS,1-10,web,9,4,6.7,1,230,2,810.0,0,0
1228,69.0,Northeast,Manufacturing,1-10,web,8,3,,2,16,1,637.81,0,1
1229,26.0,Northeast,Manufacturing,1-10,web,5,3,3.16,1,61,2,807.99,0,2
1230,32.0,South,Finance,11-50,events,8,2,7.75,1,101,1,859.58,0,0
1231,60.0,Midwest,Finance,201-1000,partner,11,8,9.87,0,8,1,423.63,0,2
1232,56.0,South,Education,1000+,web,12,2,7.83,0,241,3,934.68,0,0
1233,68.0,Northeast,Healthcare,11-50,referral,10,5,7.06,3,2,2,567.24,1,1
1234,56.0,West,Healthcare,11-50,ads,10,1,3.84,2,84,2,644.23,0,1
1235,51.0,South,Healthcare,201-1000,web,8,3,8.43,1,148,3,370.4,0,0
1236,,West,SaaS,51-200,events,6,6,7.56,2,58,2,801.17,1,2
1237,18.0,Northeast,,1-10,events,4,3,8.17,1,273,2,797.16,0,0
1238,24.0,Midwest,E-commerce,1-10,referral,4,5,8.77,2,74,2,667.87,0,2
1239,33.0,Midwest,E-commerce,11-50,web,10,2,9.99,0,12,2,516.22,0,2
1240,20.0,South,Manufacturing,51-200,referral,3,1,4.05,2,229,2,1374.96,0,0
1241,44.0,Midwest,Finance,1-10,ads,10,0,3.66,1,6,5,0.0,0,1
1242,58.0,Northeast,Finance,11-50,events,7,1,6.83,0,0,2,456.07,0,1
1243,68.0,Midwest,E-commerce,11-50,referral,8,2,4.47,3,34,2,302.34,0,1
1244,43.0,Midwest,E-commerce,11-50,referral,11,3,4.09,1,16,1,322.96,0,1
1245,63.0,Midwest,Education,51-200,referral,6,3,9.18,0,11,3,381.84,0,1
1246,69.0,Northeast,Healthcare,51-200,web,7,1,4.28,1,28,7,339.34,0,1
1247,62.0,Midwest,SaaS,51-200,web,9,2,6.48,0,43,1,1132.37,1,2
1248,42.0,South,Manufacturing,11-50,ads,8,3,2.91,1,156,1,132.18,0,0
1249,34.0,Midwest,Healthcare,1-10,partner,9,4,6.64,1,99,2,620.87,0,2
1250,68.0,Midwest,Education,201-1000,web,3,6,9.1,1,90,2,622.15,0,1
1251,30.0,South,Healthcare,51-200,referral,7,6,9.17,1,92,2,447.25,0,2
1252,39.0,West,Finance,1-10,events,7,2,8.8,2,66,3,730.61,0,2
1253,21.0,Midwest,,11-50,events,10,1,6.33,1,12,1,452.35,0,2
1254,59.0,South,Manufacturing,201-1000,partner,9,3,8.95,2,37,1,115.46,0,1
1255,51.0,West,E-commerce,201-1000,ads,2,4,7.45,2,65,4,756.78,0,1
1256,22.0,South,Education,201-1000,ads,5,5,5.53,0,10,1,1134.38,0,2
1257,29.0,West,Manufacturing,51-200,referral,6,4,7.34,0,141,3,525.47,0,0
1258,46.0,West,Finance,11-50,referral,7,7,8.45,3,116,2,381.37,1,2
1259,46.0,Northeast,SaaS,11-50,referral,7,4,3.58,1,142,3,765.81,0,0
1260,59.0,Midwest,E-commerce,1-10,partner,8,1,4.17,1,17,1,395.0,0,1
1261,31.0,South,E-commerce,51-200,partner,8,3,6.18,0,124,2,516.25,0,0
1262,66.0,West,SaaS,51-200,partner,9,1,,2,10,3,816.8,0,1
1263,41.0,Midwest,Education,1-10,partner,5,3,,1,129,1,504.24,0,0
1264,60.0,Northeast,Manufacturing,201-1000,web,8,2,5.57,2,147,1,284.95,0,1
1265,30.0,South,Finance,11-50,partner,10,0,8.68,1,53,1,345.3,0,1
1266,19.0,Northeast,Finance,1-10,events,6,0,8.64,0,76,2,989.46,0,0
1267,20.0,South,Education,11-50,partner,10,5,7.21,2,188,0,843.51,0,0
1268,37.0,South,Healthcare,201-1000,ads,9,3,6.9,0,164,2,433.61,0,0
1269,67.0,South,Healthcare,1000+,referral,12,1,11.09,0,36,1,185.42,1,1
1270,20.0,West,Finance,51-200,partner,9,4,5.31,1,42,8,570.62,0,2
1271,37.0,South,E-commerce,1000+,ads,5,1,7.03,0,73,4,785.7,0,0
1272,23.0,South,,201-1000,referral,11,4,5.2,3,140,1,915.03,1,2
1273,66.0,South,Finance,201-1000,ads,12,6,3.67,0,51,2,940.64,0,2
1274,53.0,West,Education,201-1000,web,7,4,9.11,2,9,1,496.63,1,1
1275,57.0,West,SaaS,11-50,events,8,4,5.83,0,19,2,1161.65,0,2
1276,55.0,Northeast,E-commerce,201-1000,partner,12,4,8.03,2,11,1,607.73,1,2
1277,52.0,South,E-commerce,51-200,referral,10,3,5.96,1,102,2,557.44,0,0
1278,58.0,Northeast,Education,201-1000,partner,5,2,9.24,0,20,2,264.19,1,1
1279,18.0,West,Finance,1-10,web,10,7,4.31,2,0,1,596.44,1,2
1280,63.0,South,Finance,201-1000,referral,6,3,9.06,0,83,1,212.35,0,1
1281,56.0,Midwest,Finance,1000+,partner,2,3,8.47,0,18,3,834.26,0,1
1282,56.0,Northeast,E-commerce,11-50,web,5,3,2.55,4,140,4,868.16,0,1
1283,38.0,Midwest,Education,1000+,partner,6,0,5.36,4,83,1,517.11,0,1
1284,,South,SaaS,11-50,events,12,3,8.75,0,53,1,915.9,0,2
1285,37.0,Northeast,SaaS,1-10,ads,6,4,10.1,0,69,1,579.21,0,0
1286,20.0,Northeast,Education,1-10,referral,7,2,8.07,0,103,3,154.56,0,0
1287,65.0,West,Finance,201-1000,partner,10,0,5.63,0,16,1,300.82,0,1
1288,30.0,West,E-commerce,51-200,referral,8,3,4.37,1,132,1,895.27,0,0
1289,23.0,Northeast,Healthcare,11-50,partner,10,4,7.75,0,24,1,831.72,0,2
1290,50.0,Midwest,,51-200,partner,13,2,5.56,1,1,1,514.02,0,1
1291,30.0,West,,11-50,web,7,3,5.66,0,107,3,663.4,0,0
1292,62.0,South,Education,11-50,web,5,3,6.01,0,19,0,390.26,0,1
1293,41.0,South,E-commerce,201-1000,web,9,4,8.44,2,4,3,453.03,1,2
1294,18.0,Midwest,Healthcare,51-200,web,10,3,,0,3,2,1096.06,0,2
1295,67.0,Midwest,E-commerce,201-1000,referral,7,0,8.76,2,73,3,414.21,0,1
1296,44.0,Northeast,Healthcare,51-200,web,10,1,6.52,1,3,3,789.9,0,2
1297,31.0,South,E-commerce,1000+,events,6,2,4.52,0,39,3,430.08,1,1
1298,53.0,Northeast,E-commerce,11-50,events,4,3,7.97,1,70,3,406.67,0,1
1299,45.0,Northeast,Healthcare,11-50,web,8,3,10.16,1,138,3,729.64,0,0
1300,19.0,South,Manufacturing,1-10,referral,6,5,8.71,0,24,2,741.67,0,2
1301,57.0,West,Education,51-200,partner,5,1,6.96,2,267,3,452.43,0,0
1302,38.0,South,E-commerce,51-200,partner,11,3,5.42,3,27,3,897.54,0,2
1303,,South,Manufacturing,201-1000,ads,3,4,7.26,3,41,1,423.79,0,1
1304,64.0,South,E-commerce,11-50,events,5,2,9.04,0,208,1,300.48,0,0
1305,49.0,Midwest,Manufacturing,1-10,partner,8,4,7.01,3,18,2,569.89,0,1
1306,52.0,Midwest,E-commerce,51-200,partner,6,1,6.27,1,18,5,560.77,0,1
1307,31.0,South,Finance,1000+,ads,5,3,4.99,3,127,1,665.12,0,0
1308,30.0,Midwest,E-commerce,11-50,ads,12,2,12.2,1,3,1,691.61,0,2
1309,39.0,South,Education,1-10,referral,13,7,4.54,2,57,4,638.98,0,2
1310,62.0,West,E-commerce,11-50,ads,6,3,4.34,1,23,3,199.58,0,1
1311,45.0,West,Manufacturing,11-50,events,8,5,6.86,2,7,0,858.94,0,2
1312,36.0,Northeast,SaaS,11-50,referral,14,3,6.06,2,54,4,791.99,1,2
1313,58.0,Midwest,Finance,11-50,web,5,3,8.75,0,18,4,1125.15,1,2
1314,62.0,Northeast,SaaS,51-200,ads,5,2,8.83,0,42,2,450.78,0,1
1315,64.0,Midwest,Manufacturing,11-50,partner,9,0,3.83,1,32,1,662.42,0,1
1316,33.0,Midwest,Healthcare,11-50,events,11,5,4.84,1,27,1,477.05,0,2
1317,54.0,Northeast,Education,1-10,ads,7,3,4.57,6,245,4,714.93,0,0
1318,48.0,West,Manufacturing,1000+,partner,7,3,8.23,2,82,5,1403.84,0,2
1319,,South,Finance,11-50,referral,5,2,7.44,1,35,1,825.62,0,1
1320,38.0,West,SaaS,11-50,ads,10,8,5.68,0,81,2,497.96,0,2
1321,23.0,Northeast,E-commerce,1-10,ads,9,1,6.98,2,5,3,592.55,0,2
1322,32.0,Northeast,E-commerce,51-200,referral,10,2,4.02,0,62,2,737.73,0,2
1323,46.0,Midwest,Manufacturing,201-1000,partner,6,2,4.87,1,76,4,615.32,0,1
1324,64.0,Northeast,,1-10,events,9,1,3.64,2,87,3,176.77,0,1
1325,63.0,Midwest,Healthcare,1-10,referral,4,2,6.82,0,17,4,657.03,1,1
1326,27.0,West,Manufacturing,1-10,web,6,4,6.81,0,33,2,235.37,0,1
1327,53.0,Northeast,E-commerce,51-200,events,0,1,4.33,1,81,4,0.0,0,1
1328,22.0,Northeast,Education,1000+,events,7,3,7.43,3,54,2,1044.74,0,2
1329,53.0,South,Healthcare,11-50,events,8,1,8.83,1,178,3,631.26,0,0
1330,35.0,South,E-commerce,11-50,referral,9,3,4.23,2,138,3,1132.53,0,2
1331,41.0,South,E-commerce,201-1000,partner,8,1,5.78,1,11,5,665.18,0,1
1332,55.0,Midwest,Healthcare,201-1000,partner,8,3,7.63,1,17,3,305.29,0,1
1333,40.0,West,Healthcare,11-50,partner,12,1,6.49,1,39,4,414.19,0,1
1334,59.0,Northeast,E-commerce,1-10,events,9,5,3.48,1,66,0,1440.03,0,2
1335,45.0,Midwest,Healthcare,11-50,events,2,3,5.53,3,55,0,77.67,0,1
1336,69.0,South,SaaS,201-1000,ads,11,6,5.46,2,18,3,1248.8,1,2
1337,51.0,West,Manufacturing,51-200,web,8,5,6.13,1,37,4,882.21,0,2
1338,33.0,Midwest,Healthcare,51-200,web,7,2,6.22,3,40,3,756.05,0,2
1339,58.0,South,SaaS,201-1000,events,8,5,9.95,3,13,4,722.38,0,2
1340,39.0,Northeast,Finance,11-50,events,6,1,6.04,0,74,0,271.3,0,1
1341,45.0,Northeast,Manufacturing,11-50,web,5,2,2.72,2,80,2,620.14,0,1
1342,25.0,Northeast,Healthcare,1-10,referral,8,5,6.7,0,31,1,981.01,0,2
1343,24.0,South,Manufacturing,201-1000,referral,6,1,10.35,1,72,1,526.66,0,0
1344,47.0,Midwest,Finance,51-200,referral,4,5,,0,53,3,860.82,0,2
1345,27.0,South,Education,11-50,partner,11,0,5.54,1,31,2,594.98,0,2
1346,69.0,Northeast,E-commerce,1-10,ads,13,3,5.83,1,349,2,1317.95,0,0
1347,62.0,West,SaaS,201-1000,ads,10,3,7.79,0,130,3,759.42,0,0
1348,54.0,West,Healthcare,201-1000,ads,13,4,5.82,1,62,2,1354.19,0,2
1349,56.0,Northeast,Manufacturing,51-200,partner,14,5,3.17,1,91,5,559.38,0,2
1350,48.0,Northeast,Education,11-50,partner,11,4,5.02,3,3,0,603.67,1,2
1351,21.0,Northeast,Education,1000+,web,6,3,6.36,2,52,6,521.46,1,2
1352,38.0,West,Manufacturing,201-1000,web,9,1,7.68,0,16,2,625.59,1,1
1353,43.0,Midwest,Healthcare,51-200,referral,7,7,5.22,1,95,4,817.3,0,2
1354,65.0,South,E-commerce,51-200,ads,10,4,5.85,1,12,2,441.72,0,1
1355,29.0,Midwest,Manufacturing,1000+,events,7,4,6.6,0,49,2,520.11,0,2
1356,43.0,West,Finance,1000+,events,6,9,4.79,3,111,0,416.65,0,2
1357,35.0,South,E-commerce,51-200,partner,8,1,6.3,1,102,5,477.98,0,0
1358,24.0,South,E-commerce,11-50,web,5,6,7.53,2,54,3,487.22,0,2
1359,23.0,West,Manufacturing,11-50,web,4,5,3.89,3,109,3,508.83,0,2
1360,36.0,Northeast,SaaS,201-1000,ads,7,5,7.17,2,15,2,955.42,1,2
1361,22.0,West,SaaS,51-200,ads,6,2,4.1,2,19,0,150.57,0,1
1362,21.0,Northeast,Education,1-10,partner,5,4,4.15,0,2,3,181.1,0,1
1363,36.0,South,SaaS,1-10,web,13,7,5.04,3,73,1,723.17,1,2
1364,28.0,West,E-commerce,1000+,events,9,3,9.5,1,74,5,1199.47,0,2
1365,46.0,South,Manufacturing,201-1000,ads,6,2,2.73,0,74,2,766.66,0,1
1366,18.0,South,Healthcare,1000+,ads,14,5,5.48,1,38,9,672.63,1,2
1367,33.0,Midwest,Education,11-50,web,8,2,6.44,3,30,3,779.0,0,2
1368,41.0,Midwest,Healthcare,201-1000,events,4,4,9.07,1,104,1,529.66,1,0
1369,68.0,Midwest,SaaS,201-1000,ads,7,1,10.79,1,60,2,885.57,0,1
1370,50.0,South,E-commerce,11-50,referral,15,3,5.57,2,36,3,922.8,0,2
1371,63.0,South,Education,1-10,referral,8,3,7.69,1,7,2,667.15,0,1
1372,35.0,Midwest,SaaS,1000+,referral,7,5,6.29,1,85,1,749.84,0,2
1373,41.0,Midwest,,1-10,web,14,4,6.28,2,192,4,1080.23,0,0
1374,39.0,Midwest,Healthcare,51-200,events,12,2,7.1,3,103,0,795.07,0,2
1375,64.0,Midwest,Healthcare,51-200,events,11,2,3.01,1,44,3,634.98,0,1
1376,67.0,Northeast,Manufacturing,51-200,events,3,2,6.39,0,20,7,533.82,0,1
1377,68.0,West,Finance,11-50,referral,9,3,7.49,1,30,0,546.08,0,1
1378,57.0,South,Finance,201-1000,ads,10,5,4.61,2,109,2,137.98,0,1
1379,44.0,Northeast,Healthcare,11-50,ads,7,3,7.51,0,15,2,789.91,0,2
1380,46.0,South,Healthcare,201-1000,ads,8,3,2.7,1,252,4,708.33,0,0
1381,68.0,West,Education,11-50,ads,11,2,6.71,1,137,1,726.23,0,0
1382,32.0,Midwest,SaaS,51-200,ads,9,7,9.45,0,213,2,937.58,0,0
1383,36.0,Northeast,E-commerce,201-1000,partner,12,4,6.02,1,24,2,451.12,0,2
1384,64.0,Northeast,Finance,1-10,web,2,1,4.35,0,18,4,426.79,0,1
1385,38.0,Northeast,Finance,11-50,web,8,4,3.36,0,73,3,346.91,0,1
1386,30.0,West,SaaS,201-1000,events,11,2,7.36,2,5,3,353.48,1,2
1387,47.0,West,Education,1-10,events,8,2,8.54,0,195,2,1030.97,0,0
1388,34.0,Northeast,Finance,1-10,events,5,2,6.38,1,21,1,430.37,0,1
1389,64.0,South,E-commerce,51-200,referral,5,6,5.48,0,22,5,550.83,0,1
1390,65.0,Northeast,Education,1000+,ads,2,4,2.25,0,22,1,643.76,0,1
1391,33.0,South,Manufacturing,51-200,web,12,2,6.77,2,30,4,735.6,0,2
1392,45.0,South,Healthcare,11-50,referral,6,3,4.98,2,7,3,219.97,0,1
1393,69.0,Midwest,E-commerce,1000+,partner,6,1,5.11,3,130,4,518.07,0,1
1394,56.0,Northeast,,51-200,referral,7,4,10.06,1,166,0,411.39,0,0
1395,29.0,South,Finance,11-50,ads,11,2,2.54,0,37,2,298.59,0,1
1396,48.0,West,SaaS,11-50,web,8,1,2.83,0,5,4,487.43,0,1
1397,50.0,Midwest,Healthcare,11-50,ads,5,5,7.01,0,115,5,378.45,0,0
1398,51.0,Northeast,SaaS,11-50,partner,10,3,5.65,0,2,2,699.52,0,2
1399,19.0,Northeast,SaaS,51-200,ads,8,1,5.36,1,0,4,699.81,0,2
1400,33.0,South,Healthcare,1-10,ads,4,3,7.1,1,11,0,566.63,0,1
1401,62.0,South,Education,51-200,events,9,1,7.06,1,185,1,614.12,0,0
1402,30.0,West,Manufacturing,11-50,referral,9,4,4.36,0,66,4,794.27,0,2
1403,33.0,South,SaaS,11-50,referral,8,3,5.2,1,19,2,666.39,0,2
1404,34.0,West,E-commerce,1-10,partner,6,1,6.61,1,135,1,132.49,0,0
1405,27.0,West,Healthcare,51-200,ads,11,2,6.87,2,61,0,980.9,1,2
1406,26.0,Midwest,Finance,201-1000,events,5,2,7.56,1,4,2,649.98,0,1
1407,36.0,South,Manufacturing,11-50,web,7,1,5.22,2,12,2,440.42,0,1
1408,,Midwest,Education,1-10,web,10,2,7.26,2,64,1,1005.17,0,2
1409,18.0,Midwest,Finance,11-50,referral,5,4,8.59,3,16,2,787.58,1,2
1410,32.0,West,SaaS,201-1000,ads,11,2,6.6,2,19,1,777.0,0,2
1411,21.0,South,SaaS,11-50,events,7,1,6.27,1,31,0,776.06,0,2
1412,47.0,West,SaaS,201-1000,ads,7,1,5.98,1,2,4,322.44,0,1
1413,31.0,Midwest,Finance,11-50,ads,12,3,5.14,1,24,1,660.96,0,2
1414,59.0,South,E-commerce,1-10,web,4,2,4.44,0,19,7,777.9,0,1
1415,48.0,South,E-commerce,201-1000,ads,4,4,5.84,0,35,1,223.13,0,1
1416,58.0,Northeast,Education,51-200,ads,9,1,7.49,0,7,2,534.36,0,1
1417,51.0,Midwest,Education,1-10,ads,7,3,4.54,1,27,2,704.52,0,1
1418,40.0,South,Healthcare,1000+,partner,8,4,6.33,0,14,2,756.1,0,2
1419,62.0,Northeast,Manufacturing,1-10,ads,8,3,6.08,2,50,3,590.09,1,1
1420,42.0,West,Education,11-50,web,8,5,10.41,0,29,1,882.77,0,2
1421,67.0,Northeast,Education,11-50,web,14,3,8.09,2,44,2,692.99,1,2
1422,69.0,Northeast,Manufacturing,51-200,web,15,7,8.05,1,14,3,1163.12,1,2
1423,48.0,West,E-commerce,201-1000,partner,11,2,8.52,1,85,2,1094.5,0,2
1424,53.0,Northeast,Education,1-10,events,10,8,,2,20,3,786.47,0,2
1425,31.0,West,Manufacturing,1000+,events,5,9,9.53,1,12,1,979.03,1,2
1426,,South,Manufacturing,51-200,referral,6,2,6.85,1,68,2,532.57,1,1
1427,52.0,Northeast,Finance,1000+,web,9,1,6.4,1,60,1,304.43,0,1
1428,64.0,South,Education,201-1000,partner,8,3,3.83,2,18,8,210.17,0,1
1429,31.0,South,Manufacturing,1000+,web,7,4,5.62,3,37,4,328.51,0,1
1430,58.0,South,Manufacturing,51-200,partner,8,3,2.61,0,65,3,594.1,0,1
1431,42.0,West,Manufacturing,11-50,referral,9,3,5.95,1,84,0,772.9,0,2
1432,27.0,South,Education,11-50,events,6,1,5.23,1,28,1,842.92,0,2
1433,26.0,South,Healthcare,51-200,partner,11,5,5.62,1,0,2,506.14,1,2
1434,47.0,Midwest,Education,11-50,partner,7,3,3.45,2,8,0,302.19,0,1
1435,34.0,South,Healthcare,201-1000,ads,4,2,8.05,1,6,1,678.2,0,1
1436,23.0,West,Education,1-10,events,10,3,7.8,2,5,3,818.48,0,2
1437,40.0,South,Education,201-1000,ads,10,2,10.22,1,10,5,830.07,1,2
1438,51.0,South,Manufacturing,11-50,partner,10,2,10.16,0,178,2,592.91,0,0
1439,34.0,Midwest,Finance,1000+,referral,9,4,6.84,4,11,2,600.43,0,2
1440,67.0,South,Healthcare,1-10,ads,5,3,8.75,0,6,1,831.28,0,1
1441,58.0,West,SaaS,1-10,events,7,2,7.07,0,7,3,698.82,0,1
1442,44.0,Northeast,Finance,201-1000,referral,8,4,5.56,0,59,1,491.87,1,1
1443,66.0,Northeast,Finance,201-1000,web,7,5,5.89,0,160,4,675.89,0,0
1444,40.0,South,Finance,201-1000,referral,9,2,7.91,2,22,1,609.73,1,2
1445,25.0,South,Education,1000+,referral,8,3,15.49,1,79,2,396.86,0,0
1446,19.0,South,Manufacturing,11-50,ads,6,4,9.07,1,14,2,679.17,0,2
1447,66.0,Northeast,SaaS,201-1000,web,8,1,7.04,2,129,5,733.41,0,0
1448,67.0,Midwest,Healthcare,11-50,web,9,3,7.56,2,49,4,1209.04,0,2
1449,56.0,South,Education,51-200,referral,5,1,7.54,0,9,3,541.59,0,1
1450,23.0,South,Education,11-50,ads,5,6,6.3,0,8,3,922.12,0,2
1451,33.0,South,Education,1-10,web,8,2,8.16,3,29,1,807.74,0,2
1452,20.0,South,Education,51-200,referral,7,4,6.16,1,3,2,967.09,1,2
1453,20.0,South,Manufacturing,201-1000,referral,10,4,4.27,0,21,5,548.47,0,2
1454,30.0,West,Manufacturing,1-10,web,7,4,7.56,1,41,2,957.12,0,2
1455,47.0,South,Finance,1000+,referral,4,2,7.85,0,87,2,1028.83,0,0
1456,21.0,South,E-commerce,51-200,referral,7,2,6.18,1,89,0,912.13,0,2
1457,69.0,South,Finance,1-10,web,11,0,7.18,4,19,2,1057.33,0,2
1458,41.0,Northeast,Education,51-200,partner,7,6,8.61,3,31,2,1022.55,1,2
1459,31.0,Midwest,SaaS,1-10,web,14,3,6.39,1,73,2,917.17,0,2
1460,44.0,South,Education,1-10,ads,11,3,5.52,1,62,2,425.61,0,1
1461,59.0,West,Finance,51-200,partner,10,4,4.94,2,2,0,236.58,0,1
1462,34.0,South,Manufacturing,1-10,events,12,1,5.94,3,6,1,795.88,1,2
1463,20.0,Northeast,E-commerce,1-10,ads,13,5,9.88,0,58,4,663.05,0,2
1464,20.0,South,Manufacturing,201-1000,ads,10,2,6.06,4,32,0,770.05,0,2
1465,62.0,Midwest,Healthcare,1-10,partner,7,1,7.29,1,44,2,645.89,0,1
1466,23.0,South,Finance,201-1000,events,3,1,5.79,0,56,0,230.33,0,1
1467,51.0,West,Finance,201-1000,referral,8,2,5.6,1,104,3,1390.17,0,2
1468,37.0,South,Finance,1-10,partner,5,2,4.57,2,243,2,589.95,0,0
1469,58.0,South,Manufacturing,51-200,ads,5,4,6.72,3,13,2,398.26,1,1
1470,21.0,Midwest,E-commerce,1-10,web,6,2,5.36,1,26,2,260.11,0,1
1471,64.0,Midwest,Education,51-200,partner,8,2,9.3,2,65,0,202.55,0,1
1472,54.0,West,Manufacturing,1-10,events,11,9,6.26,0,40,3,1042.58,1,2
1473,41.0,South,E-commerce,1000+,web,5,4,6.4,3,45,1,295.26,0,1
1474,28.0,South,E-commerce,11-50,web,13,2,6.1,2,36,2,682.26,0,2
1475,68.0,Midwest,Healthcare,51-200,events,7,2,7.32,1,41,2,517.65,0,1
1476,33.0,Northeast,Education,1-10,ads,8,3,9.78,1,0,1,722.82,0,2
1477,43.0,Northeast,Manufacturing,11-50,referral,9,5,4.21,1,16,1,780.09,0,2
1478,38.0,Northeast,Education,51-200,partner,4,6,7.11,1,26,2,298.68,0,1
1479,29.0,Midwest,Education,51-200,referral,5,0,3.05,2,29,2,349.97,0,1
1480,39.0,West,Healthcare,1000+,referral,6,1,9.19,0,7,1,705.28,0,1
1481,25.0,South,Finance,1-10,referral,10,1,6.26,0,90,4,377.32,0,0
1482,18.0,Midwest,E-commerce,1-10,ads,9,1,3.21,2,81,1,617.51,1,2
1483,33.0,Northeast,Healthcare,11-50,web,7,3,,1,31,2,420.83,0,1
1484,23.0,Midwest,E-commerce,11-50,referral,8,3,8.29,1,138,4,1077.85,0,0
1485,39.0,West,SaaS,201-1000,referral,4,4,2.84,0,275,2,593.01,1,0
1486,62.0,Midwest,Manufacturing,1000+,web,14,2,7.11,1,34,2,964.96,1,2
1487,26.0,West,Education,201-1000,partner,9,4,5.56,1,7,2,873.38,1,2
1488,18.0,West,Finance,1-10,web,9,4,6.07,2,57,4,756.96,0,2
1489,23.0,Northeast,SaaS,11-50,events,11,3,5.02,1,4,1,409.36,1,2
1490,44.0,South,SaaS,201-1000,web,7,3,4.4,1,79,2,1007.61,1,2
1491,32.0,West,SaaS,11-50,referral,12,6,5.43,0,53,1,862.28,1,2
1492,43.0,Midwest,Education,51-200,web,11,3,7.76,1,2,5,311.13,0,1
1493,19.0,Northeast,E-commerce,11-50,referral,7,5,5.86,2,41,2,93.86,0,1
1494,35.0,West,E-commerce,11-50,partner,8,4,7.43,1,7,2,568.32,0,2
1495,39.0,West,Manufacturing,201-1000,web,10,4,5.97,2,257,3,1054.96,0,0
1496,40.0,South,Manufacturing,11-50,ads,4,3,7.84,0,75,0,507.07,0,1
1497,46.0,South,Education,1000+,partner,10,1,7.41,3,69,0,580.61,1,1
1498,58.0,Northeast,E-commerce,11-50,ads,5,4,5.31,0,28,2,611.1,1,1
1499,42.0,West,Finance,1-10,web,9,2,4.4,2,43,7,1119.87,1,2
1500,61.0,South,E-commerce,11-50,partner,10,2,8.6,2,140,3,296.22,0,0
1501,45.0,Northeast,Manufacturing,1-10,web,9,1,4.71,2,2,3,570.64,0,1
1502,31.0,South,SaaS,51-200,web,6,3,7.6,0,109,4,300.03,0,0
1503,29.0,West,Education,1-10,ads,5,3,6.57,2,6,2,548.48,0,1
1504,34.0,West,Finance,51-200,referral,8,1,5.48,1,90,1,520.1,0,1
1505,49.0,Midwest,Education,201-1000,web,4,3,7.44,2,30,3,486.79,0,1
1506,30.0,Northeast,Healthcare,11-50,partner,9,3,9.51,2,1,0,949.26,1,2
1507,65.0,West,SaaS,1-10,ads,11,1,7.88,0,30,4,857.92,0,1
1508,42.0,West,Education,11-50,events,6,2,6.78,1,6,3,752.11,1,1
1509,62.0,South,Finance,201-1000,ads,6,2,10.07,0,17,2,998.59,0,1
1510,53.0,South,Healthcare,51-200,ads,10,2,2.82,1,25,2,666.87,0,1
1511,35.0,South,Healthcare,1-10,events,8,0,4.05,1,17,1,923.73,0,2
1512,29.0,Midwest,Healthcare,51-200,web,12,0,5.48,4,96,0,507.15,0,2
1513,56.0,Northeast,Healthcare,51-200,referral,8,1,9.62,0,104,2,619.35,0,0
1514,35.0,Northeast,E-commerce,11-50,partner,10,3,8.57,0,7,0,1458.98,1,2
1515,30.0,Midwest,E-commerce,1-10,referral,15,3,2.72,3,5,4,441.46,1,2
1516,66.0,West,E-commerce,1000+,events,11,1,5.54,1,7,2,547.24,0,1
1517,43.0,Northeast,SaaS,1-10,referral,5,1,3.59,1,27,1,480.12,0,1
1518,20.0,Midwest,Manufacturing,1-10,ads,13,3,6.41,0,6,1,739.42,1,2
1519,43.0,South,E-commerce,1-10,events,6,3,8.48,0,29,2,1083.6,0,2
1520,41.0,Northeast,SaaS,51-200,referral,8,4,8.65,0,46,1,846.3,1,2
1521,62.0,Northeast,SaaS,11-50,events,6,5,7.09,4,27,3,520.03,0,1
1522,55.0,South,Manufacturing,11-50,web,7,5,5.56,0,11,1,714.14,1,1
1523,27.0,Midwest,Healthcare,11-50,referral,15,5,6.29,0,62,1,949.2,0,2
1524,25.0,South,E-commerce,51-200,ads,10,3,8.0,0,20,4,859.74,0,2
1525,49.0,West,Healthcare,11-50,ads,10,2,11.66,1,140,1,964.03,0,0
1526,20.0,Northeast,SaaS,1000+,events,12,1,3.89,2,54,3,1000.1,1,2
1527,34.0,West,E-commerce,11-50,events,10,1,10.0,3,1,2,865.27,0,2
1528,25.0,West,E-commerce,1-10,partner,9,6,7.04,1,110,2,723.63,0,2
1529,19.0,West,Education,1000+,partner,11,6,8.3,1,69,3,1468.66,0,2
1530,65.0,South,SaaS,201-1000,referral,4,2,6.91,1,124,1,310.62,0,1
1531,22.0,South,Healthcare,11-50,events,5,0,9.59,1,21,4,658.21,0,1
1532,18.0,South,Education,201-1000,partner,4,4,7.23,1,29,3,517.07,0,2
1533,66.0,South,Manufacturing,51-200,web,9,4,5.07,2,17,2,587.59,0,1
1534,27.0,Northeast,Finance,11-50,events,6,3,7.49,0,121,2,828.36,0,0
1535,60.0,West,E-commerce,201-1000,referral,8,1,8.98,3,4,3,1057.91,0,2
1536,19.0,South,,201-1000,ads,5,3,6.5,0,31,0,519.9,0,1
1537,25.0,West,E-commerce,11-50,ads,7,3,1.94,1,13,1,644.77,0,2
1538,23.0,Midwest,,51-200,events,7,3,6.25,0,69,1,547.65,0,2
1539,54.0,Northeast,E-commerce,11-50,referral,4,4,6.72,0,209,2,197.5,0,0
1540,50.0,South,Finance,1-10,referral,12,2,6.4,4,11,1,694.18,1,2
1541,42.0,South,Finance,1000+,web,12,4,5.41,1,45,2,594.62,1,2
1542,30.0,Midwest,Manufacturing,51-200,referral,8,4,9.41,1,63,1,745.66,1,2
1543,22.0,Midwest,Healthcare,51-200,web,9,5,1.28,1,3,0,1190.94,1,2
1544,47.0,Midwest,Manufacturing,51-200,ads,8,6,6.71,0,59,4,803.66,0,2
1545,29.0,South,Healthcare,51-200,events,11,5,6.74,0,15,5,360.77,0,2
1546,48.0,Midwest,Education,11-50,ads,10,2,11.11,0,23,5,710.89,1,2
1547,53.0,West,Finance,1000+,events,14,2,6.47,1,60,2,483.37,0,2
1548,62.0,Northeast,Education,51-200,events,11,1,7.48,2,114,2,736.2,0,0
1549,,Midwest,Healthcare,51-200,web,10,2,6.78,4,101,3,575.94,0,2
1550,18.0,Midwest,Education,51-200,ads,9,4,6.71,2,0,1,366.69,0,2
1551,32.0,South,Healthcare,11-50,ads,6,5,10.38,3,3,5,1174.72,0,2
1552,62.0,South,Healthcare,1-10,referral,10,3,4.05,0,38,2,991.49,0,2
1553,45.0,South,Healthcare,11-50,events,7,3,5.03,1,9,3,948.41,0,2
1554,50.0,West,Education,1-10,referral,7,7,8.16,1,91,1,313.64,0,1
1555,41.0,Midwest,Finance,51-200,web,12,5,7.07,1,17,4,1132.71,0,2
1556,26.0,South,SaaS,201-1000,ads,8,1,5.88,2,68,0,713.12,0,2
1557,,Northeast,Education,11-50,referral,5,4,6.34,0,75,1,253.55,0,1
1558,58.0,Midwest,Education,11-50,referral,9,1,8.51,2,36,1,476.38,0,1
1559,69.0,South,SaaS,51-200,ads,8,3,7.57,1,172,2,479.67,0,0
1560,62.0,Northeast,Manufacturing,1-10,partner,10,5,4.93,1,48,5,787.88,0,2
1561,33.0,South,,1000+,referral,8,2,7.02,1,113,2,805.16,0,0
1562,31.0,South,SaaS,11-50,referral,10,1,6.39,1,98,3,312.18,0,0
1563,30.0,South,Healthcare,1-10,web,5,5,7.53,4,58,5,1252.02,0,2
1564,65.0,South,Manufacturing,1-10,referral,9,2,5.79,0,17,3,728.28,1,1
1565,46.0,South,,1000+,ads,4,3,3.84,0,13,2,497.48,0,1
1566,41.0,Midwest,Manufacturing,11-50,partner,11,5,7.98,3,7,1,1025.32,1,2
1567,68.0,Northeast,Healthcare,51-200,referral,7,2,7.71,0,51,0,730.63,1,1
1568,49.0,Northeast,E-commerce,1-10,web,9,5,9.61,3,33,4,631.79,0,2
1569,65.0,South,Healthcare,1-10,ads,7,5,,3,3,4,416.13,0,1
1570,69.0,West,Finance,201-1000,partner,5,2,6.35,0,3,2,918.48,0,1
1571,22.0,Northeast,Education,1-10,web,4,3,5.99,0,24,2,83.64,0,1
1572,36.0,South,Manufacturing,1-10,ads,9,3,5.63,2,2,2,669.65,0,2
1573,56.0,South,E-commerce,51-200,web,10,2,3.11,2,19,4,139.72,0,1
1574,60.0,West,Manufacturing,201-1000,ads,6,2,4.15,1,24,2,591.43,0,1
1575,25.0,South,Finance,11-50,partner,6,1,7.1,0,9,0,410.95,0,1
1576,,South,SaaS,1-10,partner,10,1,5.4,0,36,3,270.49,0,1
1577,46.0,South,Manufacturing,1000+,partner,9,4,4.68,2,33,3,439.68,0,1
1578,59.0,West,Healthcare,51-200,partner,5,6,9.65,1,108,2,558.61,0,0
1579,23.0,Northeast,Finance,201-1000,referral,7,5,11.72,1,49,0,751.53,1,2
1580,49.0,West,Education,201-1000,events,12,3,6.38,3,33,1,317.17,0,1
1581,33.0,Northeast,SaaS,51-200,referral,14,4,3.2,3,7,2,349.28,1,2
1582,29.0,West,E-commerce,11-50,referral,12,1,7.37,0,58,1,620.7,0,2
1583,44.0,Northeast,Education,11-50,partner,11,3,1.91,2,29,3,1157.14,0,2
1584,39.0,Northeast,,201-1000,referral,4,9,3.53,0,0,2,782.08,0,2
1585,51.0,Northeast,SaaS,201-1000,web,8,2,7.41,1,66,3,601.37,0,1
1586,34.0,Midwest,SaaS,1000+,partner,10,4,3.46,1,26,2,845.43,0,2
1587,60.0,Midwest,Education,51-200,partner,10,5,5.85,1,10,2,643.73,1,2
1588,22.0,Northeast,SaaS,11-50,ads,6,1,3.24,1,171,0,44.68,0,0
1589,62.0,Midwest,SaaS,51-200,web,7,2,,0,5,1,739.25,0,1
1590,19.0,Midwest,Finance,51-200,partner,13,6,8.97,1,44,3,854.21,0,2
1591,56.0,West,SaaS,11-50,web,10,5,5.15,1,98,1,791.55,0,2
1592,36.0,West,Finance,201-1000,ads,8,5,,3,21,3,758.02,1,2
1593,37.0,South,Finance,51-200,ads,3,5,4.71,1,5,4,674.89,0,1
1594,18.0,Northeast,Finance,1-10,partner,8,3,4.86,2,27,6,531.13,0,2
1595,54.0,Midwest,Healthcare,51-200,events,10,4,4.67,0,4,3,706.86,0,2
1596,26.0,West,Education,51-200,web,8,3,8.23,2,149,0,406.38,0,0
1597,52.0,Northeast,Finance,1000+,web,7,4,3.39,1,124,1,550.85,0,1
1598,55.0,Midwest,Healthcare,11-50,ads,10,5,5.77,1,3,1,359.75,1,1
1599,61.0,West,SaaS,51-200,events,10,4,7.4,2,62,1,359.63,0,1
1600,54.0,West,E-commerce,51-200,web,12,2,8.5,1,43,1,733.0,1,2
1601,33.0,Midwest,SaaS,51-200,ads,18,3,7.47,2,27,5,1078.89,1,2
1602,56.0,South,SaaS,1-10,ads,5,2,6.34,1,134,8,213.01,0,0
1603,60.0,Midwest,E-commerce,201-1000,referral,4,2,5.25,2,1,6,337.68,0,1
1604,34.0,South,E-commerce,1000+,partner,8,1,8.54,3,76,2,127.29,0,1
1605,24.0,Northeast,SaaS,51-200,referral,6,2,4.59,0,48,2,294.19,0,1
1606,64.0,Northeast,E-commerce,51-200,ads,12,5,,4,102,2,432.96,0,2
1607,25.0,South,Finance,1-10,events,10,3,9.48,0,25,0,818.78,0,2
1608,48.0,Midwest,E-commerce,51-200,referral,7,6,7.29,1,4,0,344.99,0,1
1609,30.0,South,E-commerce,11-50,web,11,2,7.37,1,38,1,783.22,0,2
1610,24.0,Midwest,SaaS,201-1000,events,8,2,7.82,2,191,6,663.05,0,0
1611,58.0,West,SaaS,1-10,referral,5,1,6.29,1,62,0,629.7,0,1
1612,25.0,West,SaaS,201-1000,partner,9,2,3.34,0,274,6,966.77,0,0
1613,52.0,South,Healthcare,11-50,partner,6,2,7.05,1,9,4,692.84,0,1
1614,54.0,West,Finance,51-200,ads,10,2,6.46,1,6,0,942.3,0,2
1615,21.0,Midwest,Education,51-200,web,8,3,4.61,0,143,2,1259.3,0,0
1616,26.0,South,Finance,11-50,events,11,3,4.1,0,8,2,1055.6,0,2
1617,59.0,Northeast,Finance,11-50,partner,8,2,6.4,2,36,0,663.47,0,1
1618,44.0,West,Manufacturing,201-1000,ads,8,3,3.51,1,110,4,511.75,0,1
1619,24.0,West,E-commerce,51-200,events,11,2,6.18,0,42,2,430.89,0,2
1620,69.0,West,Education,1-10,partner,9,2,5.92,1,31,0,812.99,0,1
1621,31.0,West,Manufacturing,11-50,partner,12,1,6.24,4,25,4,322.34,1,2
1622,18.0,West,Finance,11-50,web,7,2,7.39,0,134,3,659.34,0,0
1623,66.0,Midwest,Manufacturing,51-200,partner,7,4,7.87,1,32,4,176.38,0,1
1624,18.0,West,SaaS,51-200,referral,4,1,4.93,1,74,2,806.84,1,2
1625,46.0,South,Manufacturing,1-10,web,14,3,8.41,4,33,2,741.11,0,2
1626,69.0,Midwest,Finance,51-200,referral,8,1,6.02,0,1,3,660.48,1,1
1627,48.0,South,E-commerce,201-1000,web,8,5,10.36,1,14,1,803.73,0,2
1628,48.0,Midwest,SaaS,201-1000,web,1,2,5.21,2,65,1,402.57,0,1
1629,38.0,Midwest,Education,1-10,partner,14,1,2.96,0,47,2,651.97,0,2
1630,24.0,Midwest,Healthcare,11-50,ads,10,2,8.33,3,13,0,443.67,0,2
1631,47.0,Northeast,E-commerce,11-50,referral,7,3,7.44,0,108,6,1012.54,0,0
1632,64.0,South,Healthcare,1-10,web,8,2,9.14,0,54,2,335.91,0,1
1633,22.0,West,Manufacturing,11-50,partner,5,4,,0,161,2,647.62,0,0
1634,63.0,South,Healthcare,1-10,partner,3,4,11.65,1,15,1,1080.44,0,1
1635,39.0,South,SaaS,1-10,ads,15,1,6.08,2,160,4,729.65,0,0
1636,45.0,Midwest,E-commerce,51-200,web,6,0,8.8,1,46,1,590.74,0,1
1637,26.0,South,SaaS,11-50,web,11,1,5.34,1,206,3,423.08,0,0
1638,50.0,Northeast,Education,201-1000,web,12,1,,1,112,3,1245.92,0,2
1639,27.0,West,Education,1-10,web,11,1,7.99,2,42,2,595.0,0,2
1640,32.0,Northeast,Manufacturing,51-200,events,9,2,8.33,2,70,2,252.87,0,1
1641,55.0,South,Finance,11-50,referral,8,5,8.21,0,63,1,928.32,0,2
1642,20.0,South,Education,201-1000,partner,7,2,0.5,2,12,2,316.21,0,1
1643,41.0,South,Healthcare,201-1000,events,7,1,6.35,4,7,4,924.05,0,2
1644,48.0,West,Finance,11-50,events,8,4,5.23,3,73,1,915.73,0,2
1645,24.0,Midwest,,51-200,referral,3,1,5.67,1,102,3,1015.83,0,0
1646,33.0,West,Finance,11-50,ads,11,6,5.88,0,46,0,824.92,1,2
1647,35.0,South,Finance,51-200,ads,7,4,8.65,0,43,3,656.87,0,2
1648,52.0,West,SaaS,1-10,web,6,2,6.95,0,4,5,192.73,0,1
1649,68.0,South,Finance,11-50,partner,6,2,5.38,1,16,1,647.58,0,1
1650,61.0,West,Education,1-10,ads,5,1,3.27,3,18,0,320.36,0,1
1651,27.0,West,Healthcare,201-1000,referral,7,2,9.87,1,4,0,625.97,0,2
1652,18.0,Midwest,Finance,11-50,ads,4,1,5.08,1,97,8,321.34,0,0
1653,20.0,West,E-commerce,51-200,partner,7,2,6.21,2,47,4,950.98,0,2
1654,48.0,South,E-commerce,11-50,web,8,2,11.21,5,15,2,418.8,0,1
1655,26.0,Midwest,SaaS,11-50,partner,7,0,5.14,1,20,2,666.61,0,1
1656,30.0,West,E-commerce,11-50,events,4,4,5.89,1,30,2,679.95,0,2
1657,62.0,Midwest,Education,1000+,partner,12,4,7.01,2,42,1,462.5,1,1
1658,63.0,South,Manufacturing,201-1000,partner,8,2,2.97,2,83,1,511.42,0,1
1659,61.0,Northeast,Finance,1-10,web,9,3,2.71,4,71,2,428.48,0,1
1660,31.0,Midwest,,201-1000,partner,9,1,5.44,0,8,3,819.06,0,2
1661,50.0,West,Finance,11-50,partner,8,5,5.52,2,7,0,471.15,1,1
1662,49.0,Midwest,Healthcare,1-10,ads,13,5,6.8,1,24,0,1053.99,0,2
1663,27.0,Midwest,Healthcare,51-200,ads,12,4,4.35,1,56,4,833.9,1,2
1664,46.0,Midwest,Finance,1-10,partner,7,2,7.45,3,96,2,630.61,0,1
1665,45.0,South,,11-50,web,8,5,1.76,1,11,3,365.28,0,1
1666,38.0,West,Healthcare,51-200,referral,9,1,6.35,4,9,4,605.85,0,2
1667,57.0,West,Finance,11-50,partner,8,5,7.29,2,142,2,0.0,0,1
1668,53.0,Northeast,Healthcare,201-1000,events,11,1,7.22,0,44,2,490.14,0,1
1669,45.0,South,E-commerce,51-200,referral,8,0,6.14,2,24,4,327.8,0,1
1670,55.0,South,E-commerce,201-1000,ads,5,4,5.05,0,61,2,503.59,1,1
1671,57.0,South,SaaS,51-200,events,10,8,6.08,1,134,1,520.76,0,0
1672,47.0,Midwest,Healthcare,201-1000,web,3,3,9.21,3,1,0,358.54,1,1
1673,31.0,Midwest,Education,11-50,referral,8,3,5.18,1,114,1,705.3,1,0
1674,57.0,South,Education,51-200,web,5,2,,1,14,0,608.17,0,1
1675,55.0,South,Manufacturing,51-200,referral,1,3,9.0,1,188,1,992.67,0,0
1676,69.0,South,SaaS,1000+,partner,9,4,2.68,2,1,0,302.21,0,1
1677,25.0,South,Education,1-10,referral,7,6,6.22,1,23,4,721.35,0,2
1678,39.0,West,Education,51-200,events,8,3,4.35,0,121,3,670.93,0,0
1679,66.0,South,Healthcare,201-1000,events,3,3,3.2,3,2,1,390.21,0,1
1680,44.0,Midwest,E-commerce,11-50,events,8,0,8.24,3,155,3,472.2,0,0
1681,,West,Healthcare,201-1000,partner,7,3,7.54,0,13,0,800.19,0,2
1682,18.0,West,Education,11-50,partner,9,1,7.08,0,7,0,448.62,1,1
1683,19.0,Northeast,Manufacturing,1-10,ads,6,7,4.11,3,86,2,577.46,0,2
1684,59.0,South,Finance,51-200,events,11,3,6.96,1,62,2,701.26,0,2
1685,36.0,Midwest,Finance,11-50,web,6,2,3.62,2,76,4,1006.94,0,2
1686,45.0,South,Finance,1-10,partner,9,2,,0,23,2,500.45,0,1
1687,40.0,Midwest,SaaS,1-10,web,9,4,5.04,1,1,0,569.88,0,2
1688,39.0,South,Finance,1-10,referral,7,3,8.81,1,92,2,583.29,1,0
1689,66.0,Midwest,SaaS,201-1000,referral,16,1,5.7,1,234,0,221.99,0,0
1690,22.0,South,Manufacturing,201-1000,partner,13,3,7.01,2,91,4,782.99,0,2
1691,58.0,West,Manufacturing,51-200,partner,6,3,7.01,2,25,2,295.43,0,1
1692,64.0,Midwest,Finance,1-10,web,14,3,6.33,2,17,3,461.84,0,1
1693,52.0,West,Healthcare,51-200,partner,8,3,6.73,0,60,0,183.36,0,1
1694,38.0,West,Education,201-1000,referral,6,0,7.17,0,8,1,178.29,0,1
1695,26.0,West,Finance,201-1000,web,9,1,4.53,1,108,3,234.8,0,0
1696,53.0,Northeast,Education,11-50,ads,9,7,7.39,0,7,2,313.07,1,1
1697,42.0,West,Finance,1-10,ads,13,6,8.4,3,61,2,749.58,1,2
1698,25.0,Northeast,E-commerce,1000+,referral,8,3,7.37,2,55,2,938.19,1,2
1699,36.0,Midwest,SaaS,201-1000,referral,11,0,5.72,0,183,2,662.65,0,0
1700,68.0,West,E-commerce,1-10,events,7,4,6.88,3,60,4,693.21,0,1
1701,31.0,South,Finance,201-1000,referral,7,4,,2,28,0,921.49,1,2
1702,27.0,South,Healthcare,1-10,events,5,0,6.24,1,103,2,143.84,0,1
1703,53.0,Midwest,Finance,1-10,events,5,3,3.89,1,33,1,677.27,0,1
1704,28.0,West,E-commerce,201-1000,referral,9,5,9.54,2,32,2,657.47,0,2
1705,,South,Manufacturing,51-200,ads,6,4,10.76,2,45,1,1064.53,0,2
1706,62.0,South,Healthcare,11-50,partner,10,4,4.95,1,4,3,188.02,0,1
1707,69.0,West,Manufacturing,1000+,ads,8,3,8.23,0,47,1,520.8,0,1
1708,65.0,Midwest,Healthcare,201-1000,ads,8,1,9.71,3,88,3,542.15,0,1
1709,30.0,Northeast,Healthcare,1-10,referral,13,7,4.39,0,30,6,401.95,0,2
1710,29.0,South,Finance,51-200,web,9,2,1.75,1,23,2,1195.11,1,2
1711,35.0,West,E-commerce,201-1000,web,7,4,9.84,1,5,1,270.91,0,1
1712,42.0,Midwest,E-commerce,51-200,referral,10,3,6.48,0,19,4,662.76,0,2
1713,63.0,Midwest,Healthcare,1000+,partner,10,2,5.36,3,6,2,812.93,0,1
1714,56.0,Northeast,Education,51-200,referral,7,2,6.6,1,42,1,269.73,0,1
1715,51.0,West,SaaS,1-10,web,9,6,5.69,0,124,0,701.33,0,0
1716,63.0,Midwest,Healthcare,1-10,referral,3,3,13.01,2,13,2,740.31,0,1
1717,,South,Education,201-1000,ads,9,4,5.33,1,53,1,568.15,0,2
1718,37.0,West,Education,1000+,referral,5,4,7.22,0,9,3,854.07,0,2
1719,39.0,Northeast,Healthcare,1-10,referral,12,5,9.34,2,11,1,1058.85,1,2
1720,44.0,South,SaaS,1-10,web,8,1,9.33,0,195,1,962.46,0,0
1721,,South,SaaS,201-1000,referral,3,3,8.91,2,32,3,698.14,0,1
1722,56.0,West,Healthcare,1-10,referral,2,3,5.56,1,76,1,1107.6,0,1
1723,,Midwest,Education,1-10,events,9,4,6.17,0,113,2,936.01,0,0
1724,56.0,Midwest,SaaS,201-1000,events,12,4,1.72,1,26,3,504.52,1,1
1725,45.0,Northeast,Manufacturing,201-1000,referral,8,4,6.34,0,82,3,279.47,0,1
1726,58.0,South,Education,201-1000,web,11,2,6.57,1,42,7,485.96,0,1
1727,67.0,West,SaaS,51-200,web,7,2,8.13,1,1,1,159.25,0,1
1728,47.0,Northeast,Healthcare,11-50,referral,10,8,10.45,2,28,2,817.25,0,2
1729,41.0,Midwest,E-commerce,1000+,ads,8,2,8.06,1,88,1,588.32,0,0
1730,23.0,West,Manufacturing,11-50,ads,9,1,8.86,2,60,2,425.61,0,2
1731,58.0,Northeast,Finance,11-50,referral,6,3,6.46,0,4,0,757.51,1,1
1732,65.0,Midwest,E-commerce,201-1000,referral,10,2,9.33,2,3,5,778.35,0,2
1733,54.0,South,E-commerce,51-200,referral,7,2,6.52,2,44,0,615.25,0,1
1734,63.0,Midwest,Finance,201-1000,ads,3,5,9.01,1,28,1,423.27,0,1
1735,,Midwest,SaaS,1-10,partner,6,1,8.27,3,1,2,389.63,0,1
1736,59.0,South,E-commerce,1000+,web,9,3,7.36,1,22,4,265.05,0,1
1737,44.0,Northeast,SaaS,51-200,ads,15,1,3.11,2,18,1,883.09,0,2
1738,23.0,South,Finance,51-200,partner,2,0,8.91,0,67,3,897.76,0,0
1739,18.0,South,Education,1000+,partner,7,2,,1,49,1,588.82,0,2
1740,28.0,South,Healthcare,11-50,ads,8,2,8.05,0,297,3,700.73,0,0
1741,40.0,Northeast,SaaS,201-1000,ads,6,3,,2,148,0,594.59,0,0
1742,56.0,West,Healthcare,51-200,partner,7,4,7.57,3,55,2,569.28,0,1
1743,41.0,Northeast,Manufacturing,201-1000,referral,14,3,9.36,0,91,1,1038.23,1,2
1744,19.0,West,E-commerce,201-1000,ads,8,2,5.46,1,37,0,380.25,0,1
1745,28.0,Midwest,SaaS,51-200,referral,8,4,7.53,1,203,1,743.89,1,0
1746,68.0,West,SaaS,1-10,ads,14,3,4.79,4,24,3,839.03,1,2
1747,69.0,Northeast,Education,1-10,web,9,2,7.77,0,110,1,755.62,0,0
1748,37.0,Northeast,SaaS,1000+,referral,13,5,,2,63,4,807.5,0,2
1749,59.0,South,Finance,1000+,web,8,1,5.11,0,13,5,1013.84,0,1
1750,55.0,Northeast,Manufacturing,1000+,referral,6,2,6.71,1,37,1,519.79,0,1
1751,66.0,Midwest,Finance,1-10,ads,5,3,5.25,1,34,3,746.15,0,1
1752,64.0,South,Healthcare,11-50,ads,7,3,5.67,1,5,3,421.09,1,1
1753,50.0,West,E-commerce,201-1000,events,7,1,7.28,2,83,3,557.53,0,1
1754,38.0,Northeast,SaaS,201-1000,web,7,2,,0,12,1,1118.21,0,2
1755,50.0,West,SaaS,1-10,events,6,6,2.27,0,100,4,124.11,0,1
1756,34.0,West,Manufacturing,51-200,referral,8,7,7.32,0,190,0,79.17,0,0
1757,36.0,West,SaaS,1-10,partner,1,2,5.83,1,48,2,527.63,0,1
1758,49.0,South,,51-200,partner,15,1,5.59,1,177,1,814.52,0,0
1759,47.0,South,Education,11-50,events,6,5,4.02,1,30,4,763.43,0,2
1760,48.0,South,Healthcare,1-10,web,5,2,6.4,4,104,2,460.39,0,1
1761,38.0,South,Healthcare,1-10,events,7,4,5.35,0,11,2,899.7,0,2
1762,39.0,West,Education,1000+,web,7,5,9.3,2,23,4,1192.32,1,2
1763,18.0,Northeast,Finance,201-1000,events,6,2,2.65,0,3,2,414.5,0,1
1764,49.0,Midwest,Manufacturing,1000+,partner,7,2,4.38,0,5,2,728.1,0,1
1765,47.0,Northeast,Healthcare,51-200,ads,8,4,4.23,2,21,3,914.13,1,2
1766,66.0,West,Education,11-50,referral,5,4,7.07,2,24,3,548.34,0,1
1767,44.0,Midwest,Manufacturing,11-50,web,11,3,9.08,1,183,2,1124.55,0,0
1768,42.0,South,Healthcare,51-200,events,6,3,7.61,0,21,1,905.3,0,2
1769,21.0,West,E-commerce,11-50,partner,8,3,4.09,1,68,1,625.23,0,2
1770,28.0,West,Manufacturing,201-1000,events,12,5,5.56,1,201,3,570.17,0,0
1771,35.0,Northeast,E-commerce,201-1000,partner,9,3,4.72,4,211,1,194.56,0,0
1772,37.0,West,SaaS,201-1000,events,10,3,7.62,1,182,4,1034.38,0,0
1773,36.0,West,Finance,11-50,events,5,6,5.51,3,198,3,658.24,0,0
1774,38.0,Northeast,Manufacturing,51-200,ads,8,2,3.39,0,9,2,674.74,0,1
1775,57.0,South,SaaS,11-50,partner,10,1,7.79,0,158,2,839.96,1,0
1776,24.0,Midwest,,1-10,referral,3,4,9.28,0,32,2,535.24,0,1
1777,35.0,South,Education,201-1000,partner,5,2,6.11,2,54,1,118.0,0,1
1778,26.0,South,Manufacturing,51-200,partner,7,4,6.76,0,113,2,162.61,0,0
1779,34.0,Midwest,Healthcare,201-1000,ads,11,3,3.19,1,26,2,655.83,1,2
1780,53.0,Northeast,E-commerce,1-10,partner,6,0,1.97,0,141,2,453.09,0,1
1781,20.0,Northeast,,1000+,referral,10,3,2.43,2,29,1,452.08,0,2
1782,35.0,Northeast,SaaS,1000+,partner,7,1,6.4,0,113,0,1361.19,1,0
1783,19.0,South,Manufacturing,51-200,ads,7,1,,1,42,3,296.24,0,1
1784,67.0,Midwest,Finance,201-1000,referral,9,4,7.7,0,20,0,320.55,1,1
1785,55.0,Northeast,Healthcare,11-50,events,11,0,6.07,1,37,3,751.65,0,1
1786,30.0,South,Finance,201-1000,web,6,1,8.67,3,129,0,324.37,0,0
1787,28.0,South,Education,201-1000,partner,12,1,8.42,0,90,5,635.37,0,0
1788,23.0,South,Finance,201-1000,referral,11,3,5.79,0,5,0,402.25,0,2
1789,42.0,West,Manufacturing,201-1000,referral,6,2,4.29,0,19,0,680.13,0,1
1790,57.0,Midwest,Manufacturing,51-200,web,11,4,2.28,1,27,2,660.16,0,1
1791,48.0,West,Manufacturing,201-1000,web,10,4,9.65,3,92,3,598.7,0,2
1792,63.0,Northeast,Finance,51-200,web,11,4,4.43,2,2,2,957.16,0,2
1793,35.0,South,,1-10,events,5,1,3.21,0,5,3,777.3,0,1
1794,32.0,West,E-commerce,1-10,events,13,0,6.79,2,57,1,1331.52,1,2
1795,42.0,West,SaaS,201-1000,ads,3,1,3.23,1,49,1,662.87,0,1
1796,28.0,South,Healthcare,51-200,web,6,9,6.78,5,26,5,755.81,0,2
1797,68.0,South,Manufacturing,51-200,events,8,3,5.76,1,9,4,446.05,0,1
1798,27.0,Midwest,SaaS,1000+,partner,11,1,8.53,0,5,1,819.97,1,2
1799,42.0,South,Finance,51-200,ads,5,3,8.34,1,40,1,1020.71,0,2
1800,45.0,West,E-commerce,11-50,events,7,1,8.93,1,72,2,928.12,0,0
1801,20.0,West,Healthcare,11-50,ads,10,1,6.95,2,64,2,521.8,1,2
1802,42.0,South,SaaS,51-200,referral,6,1,4.61,2,55,0,440.6,1,1
1803,41.0,Northeast,Education,201-1000,partner,4,2,4.22,1,45,4,518.51,0,1
1804,31.0,South,,51-200,ads,10,0,5.33,1,69,2,875.58,0,2
1805,24.0,Northeast,Education,51-200,partner,8,0,10.89,1,124,4,760.19,1,0
1806,20.0,Midwest,Education,201-1000,partner,9,2,5.95,0,38,1,795.51,0,2
1807,,Midwest,E-commerce,201-1000,events,7,6,6.85,2,38,1,452.07,0,2
1808,43.0,South,Finance,201-1000,referral,6,2,9.84,1,36,2,737.86,1,1
1809,22.0,Northeast,SaaS,1-10,web,6,2,7.06,0,52,1,359.13,0,1
1810,67.0,Northeast,Healthcare,201-1000,ads,10,3,4.85,1,51,0,577.84,0,1
1811,30.0,Northeast,Finance,51-200,partner,4,2,8.11,0,135,1,590.96,0,0
1812,51.0,West,Education,1-10,events,5,1,5.56,3,29,1,555.73,0,1
1813,53.0,South,SaaS,51-200,referral,7,2,,0,22,1,756.8,0,1
1814,43.0,Northeast,Education,201-1000,partner,7,3,7.63,3,78,2,556.7,0,1
1815,63.0,Northeast,Healthcare,51-200,events,7,5,5.41,2,261,4,165.6,0,0
1816,23.0,South,Manufacturing,201-1000,events,6,2,6.91,1,38,2,414.36,1,1
1817,30.0,Midwest,Finance,11-50,events,12,1,10.02,1,89,0,490.41,1,0
1818,31.0,South,Finance,11-50,events,6,1,5.12,0,353,0,851.92,0,0
1819,25.0,Midwest,Education,11-50,partner,10,7,9.4,2,162,1,392.24,0,0
1820,33.0,West,Education,11-50,referral,5,3,5.2,1,25,2,867.05,0,2
1821,34.0,Midwest,SaaS,51-200,ads,6,6,10.46,2,85,0,858.8,0,2
1822,57.0,South,Finance,201-1000,partner,11,1,4.62,3,44,4,570.82,0,1
1823,33.0,Northeast,SaaS,201-1000,referral,0,1,5.63,4,138,2,328.92,1,1
1824,63.0,West,Healthcare,1-10,partner,6,2,9.82,1,196,2,357.22,0,0
1825,58.0,West,Education,11-50,ads,13,1,9.91,2,17,2,505.05,0,1
1826,64.0,South,Manufacturing,1-10,partner,0,0,8.3,0,88,0,423.49,1,1
1827,23.0,South,E-commerce,51-200,ads,12,3,4.12,1,6,1,641.11,0,2
1828,69.0,Northeast,Healthcare,11-50,partner,8,2,6.68,1,73,3,389.65,0,1
1829,49.0,West,Finance,51-200,web,5,2,6.5,2,241,1,775.92,0,0
1830,69.0,South,Healthcare,201-1000,partner,2,3,4.62,0,151,1,632.22,0,0
1831,36.0,Midwest,E-commerce,51-200,events,8,5,8.03,2,87,3,602.21,0,2
1832,67.0,Midwest,E-commerce,11-50,events,4,1,4.79,0,43,2,477.31,1,1
1833,48.0,South,Healthcare,11-50,events,3,3,3.66,1,125,1,453.98,0,1
1834,21.0,West,Finance,51-200,referral,7,5,2.93,1,50,1,820.01,0,2
1835,39.0,South,Manufacturing,51-200,web,10,3,10.27,3,91,3,558.9,1,2
1836,,South,Finance,1-10,partner,14,7,5.38,0,38,2,915.43,0,2
1837,66.0,South,Healthcare,201-1000,web,5,3,5.42,1,47,2,656.49,1,1
1838,33.0,Midwest,Finance,51-200,referral,6,0,,3,32,1,227.52,0,1
1839,29.0,Midwest,Education,51-200,partner,9,1,9.51,0,82,2,737.25,0,0
1840,46.0,Northeast,Healthcare,1-10,ads,6,3,3.46,1,154,2,652.15,0,0
1841,40.0,West,Healthcare,11-50,partner,12,1,3.85,0,266,3,464.01,0,0
1842,23.0,Midwest,E-commerce,11-50,partner,7,3,5.79,1,100,5,929.63,1,2
1843,60.0,Midwest,Manufacturing,11-50,web,9,2,6.45,0,88,4,316.26,0,1
1844,61.0,Midwest,Manufacturing,51-200,partner,11,3,7.95,3,36,2,929.46,0,2
1845,56.0,Northeast,E-commerce,51-200,ads,10,0,5.01,4,30,4,490.03,1,1
1846,50.0,South,Healthcare,201-1000,ads,10,1,9.9,2,27,0,818.35,0,2
1847,38.0,Midwest,E-commerce,1000+,ads,9,1,5.03,0,214,3,1046.28,0,0
1848,46.0,Northeast,Manufacturing,11-50,ads,4,1,4.28,3,136,1,368.54,0,1
1849,45.0,West,SaaS,1-10,ads,8,1,4.07,1,171,1,192.42,0,0
1850,26.0,Midwest,E-commerce,201-1000,referral,8,5,4.8,1,22,0,812.92,0,2
1851,22.0,Midwest,E-commerce,1000+,referral,9,5,3.93,1,5,1,269.37,0,2
1852,31.0,Midwest,Finance,201-1000,web,9,2,8.15,2,50,3,592.78,0,2
1853,41.0,West,E-commerce,1-10,referral,5,2,4.3,0,13,1,314.34,0,1
1854,26.0,Midwest,Finance,11-50,referral,3,5,6.21,0,74,7,302.31,0,1
1855,23.0,South,Education,1-10,ads,9,1,4.23,0,18,3,133.61,0,1
1856,62.0,West,Education,201-1000,events,2,1,3.92,1,6,2,671.38,0,1
1857,37.0,South,SaaS,51-200,web,2,4,8.93,0,31,4,656.54,0,1
1858,,Midwest,SaaS,51-200,referral,6,3,10.03,2,70,0,447.83,0,1
1859,45.0,South,SaaS,51-200,web,8,3,9.29,1,51,0,774.21,0,2
1860,56.0,Midwest,Manufacturing,11-50,events,4,3,3.26,1,14,3,456.34,0,1
1861,56.0,Midwest,Finance,51-200,partner,7,10,3.57,0,66,2,291.39,1,1
1862,33.0,South,Finance,1-10,referral,7,3,10.85,3,2,0,326.43,0,1
1863,,Midwest,Education,51-200,ads,7,7,5.94,3,43,8,1037.5,0,2
1864,,Northeast,Finance,201-1000,partner,7,3,3.48,0,50,2,840.89,0,1
1865,61.0,Midwest,E-commerce,51-200,events,2,1,8.88,4,20,3,500.76,0,1
1866,39.0,Northeast,Finance,11-50,ads,4,1,6.65,0,3,3,971.8,0,1
1867,23.0,Midwest,Education,201-1000,referral,11,2,7.75,4,103,1,549.39,0,2
1868,57.0,South,SaaS,201-1000,partner,13,2,1.58,1,99,2,633.64,1,1
1869,19.0,West,Finance,1-10,partner,8,6,5.78,2,26,1,583.37,0,2
1870,58.0,Northeast,Healthcare,1-10,partner,9,4,8.59,0,20,1,630.87,0,1
1871,20.0,South,SaaS,51-200,web,13,4,5.09,0,14,3,520.5,0,2
1872,28.0,Midwest,E-commerce,11-50,partner,8,2,9.22,1,27,3,780.43,0,2
1873,49.0,Northeast,Healthcare,1-10,web,14,3,3.6,1,36,1,892.87,1,2
1874,66.0,Midwest,Healthcare,1-10,events,6,2,6.25,0,87,1,195.9,0,1
1875,39.0,Northeast,E-commerce,1-10,events,4,3,10.12,3,6,3,845.71,1,2
1876,24.0,Northeast,Finance,51-200,ads,8,3,3.97,2,78,3,815.62,0,2
1877,30.0,Midwest,Healthcare,51-200,partner,11,4,7.1,0,104,2,529.86,0,0
1878,64.0,Midwest,Healthcare,1-10,web,8,2,7.79,4,13,0,448.92,0,1
1879,55.0,South,Education,201-1000,events,14,3,6.7,1,129,2,646.85,0,0
1880,23.0,Northeast,SaaS,11-50,referral,8,3,5.95,2,140,0,1156.12,0,2
1881,38.0,Northeast,Healthcare,11-50,referral,9,2,4.57,2,77,2,1045.03,0,2
1882,31.0,Northeast,SaaS,11-50,partner,9,0,6.93,3,7,1,558.92,0,1
1883,27.0,South,Manufacturing,201-1000,events,10,6,6.27,0,70,2,752.66,1,2
1884,62.0,Midwest,E-commerce,1000+,ads,7,4,3.34,1,71,1,350.62,0,1
1885,50.0,South,Education,51-200,ads,5,3,8.92,0,28,1,545.84,0,1
1886,27.0,Midwest,,1-10,ads,6,3,4.5,0,69,3,361.76,0,1
1887,51.0,Northeast,E-commerce,11-50,referral,3,2,3.4,2,39,1,0.0,0,1
1888,39.0,West,Finance,1-10,ads,7,2,5.19,1,42,2,326.03,0,1
1889,21.0,Northeast,Education,201-1000,events,8,4,4.54,1,8,0,493.63,0,2
1890,41.0,Northeast,E-commerce,1-10,referral,9,2,5.93,1,78,3,896.12,0,2
1891,27.0,Northeast,E-commerce,1000+,partner,9,7,3.77,1,203,1,604.06,0,0
1892,30.0,West,Manufacturing,51-200,partner,10,2,,0,17,2,311.99,0,1
1893,63.0,South,E-commerce,51-200,events,2,3,9.54,1,31,1,539.84,0,1
1894,54.0,South,E-commerce,201-1000,partner,6,1,,2,6,2,227.2,1,1
1895,24.0,West,Education,1-10,events,7,3,3.32,2,16,3,941.36,1,2
1896,62.0,Northeast,SaaS,201-1000,partner,4,3,4.49,2,64,2,536.1,0,1
1897,47.0,West,Manufacturing,1-10,events,6,3,6.99,2,40,1,933.27,0,2
1898,63.0,Northeast,Manufacturing,201-1000,partner,12,2,2.17,0,100,3,1065.63,0,2
1899,56.0,South,Manufacturing,51-200,events,9,5,,2,39,2,691.79,0,2
1900,35.0,Midwest,E-commerce,1-10,events,6,6,2.88,1,23,3,918.28,0,2
1901,45.0,Midwest,SaaS,201-1000,events,6,3,6.75,2,31,0,232.02,0,1
1902,45.0,West,Healthcare,1-10,ads,9,2,11.26,1,42,3,712.94,0,2
1903,55.0,Northeast,Healthcare,1-10,partner,12,2,3.73,2,1,2,920.18,0,2
1904,30.0,West,Manufacturing,201-1000,events,5,3,8.3,1,16,3,149.61,0,1
1905,35.0,Midwest,Finance,51-200,referral,10,3,5.26,0,67,1,670.52,1,2
1906,30.0,South,Manufacturing,201-1000,web,4,3,,0,101,4,477.99,0,0
1907,33.0,West,Education,51-200,events,9,4,9.94,3,15,1,410.54,0,2
1908,26.0,Northeast,Education,51-200,partner,10,4,11.25,1,17,2,525.64,1,2
1909,19.0,West,SaaS,11-50,ads,8,5,7.41,1,9,3,986.74,1,2
1910,66.0,South,SaaS,1-10,partner,8,3,7.3,0,4,1,334.46,0,1
1911,21.0,South,SaaS,1000+,web,12,3,6.64,3,45,1,536.38,0,2
1912,64.0,Northeast,Finance,1-10,ads,10,6,6.17,0,32,2,396.45,0,1
1913,18.0,South,E-commerce,51-200,referral,7,3,7.25,0,55,1,569.4,0,2
1914,58.0,South,Manufacturing,11-50,referral,9,2,7.99,1,31,2,670.24,1,1
1915,35.0,Midwest,SaaS,11-50,events,3,4,10.16,1,105,1,588.75,0,0
1916,44.0,Northeast,,51-200,ads,13,6,5.35,0,75,2,834.43,0,2
1917,32.0,Midwest,Education,201-1000,web,8,4,6.78,1,14,2,900.82,0,2
1918,43.0,West,,201-1000,referral,8,6,6.31,1,77,2,751.53,1,2
1919,41.0,Northeast,SaaS,201-1000,referral,10,4,8.75,2,205,0,838.48,0,0
1920,45.0,South,Healthcare,11-50,events,10,3,11.78,2,3,1,918.17,0,2
1921,38.0,West,Healthcare,51-200,referral,5,1,8.83,0,5,4,1271.89,1,2
1922,45.0,Northeast,E-commerce,1-10,referral,7,5,8.26,2,76,4,834.61,1,2
1923,60.0,Northeast,Finance,201-1000,referral,7,2,8.5,1,7,1,700.38,0,1
1924,40.0,South,SaaS,11-50,web,6,7,9.29,1,55,3,596.93,0,2
1925,36.0,Northeast,SaaS,51-200,partner,3,0,11.81,0,107,0,577.79,0,0
1926,24.0,South,Education,1-10,ads,6,5,2.79,0,57,1,1099.15,0,2
1927,36.0,South,Manufacturing,201-1000,ads,5,3,7.82,1,2,2,179.59,0,1
1928,24.0,South,E-commerce,201-1000,referral,11,3,0.82,4,147,3,1026.22,1,2
1929,27.0,Midwest,Manufacturing,201-1000,partner,13,6,8.59,3,73,2,835.34,0,2
1930,67.0,South,Healthcare,1-10,web,5,5,7.71,1,32,0,567.54,0,1
1931,22.0,South,Healthcare,1000+,events,6,3,5.3,0,4,2,734.72,0,2
1932,43.0,Northeast,SaaS,11-50,ads,16,1,0.63,0,35,0,596.23,0,2
1933,61.0,South,Healthcare,11-50,referral,4,2,6.47,2,8,0,630.84,0,1
1934,67.0,West,Healthcare,11-50,ads,13,2,6.99,0,39,0,185.33,0,1
1935,25.0,South,,11-50,events,8,3,6.36,0,96,2,826.68,0,2
1936,26.0,South,SaaS,51-200,web,7,4,5.13,2,69,2,874.82,0,2
1937,37.0,Midwest,E-commerce,11-50,ads,12,6,4.53,4,51,1,800.61,0,2
1938,46.0,Northeast,Healthcare,11-50,ads,15,6,6.39,0,208,1,874.79,0,0
1939,67.0,Midwest,SaaS,51-200,events,11,2,4.74,2,254,4,734.07,0,0
1940,28.0,Northeast,SaaS,201-1000,ads,8,1,8.28,2,2,6,713.87,0,2
1941,26.0,West,Finance,51-200,partner,5,4,6.33,1,8,3,561.99,0,2
1942,31.0,Midwest,Manufacturing,51-200,partner,7,4,2.71,1,84,0,479.6,0,1
1943,63.0,West,Finance,1-10,events,9,5,6.89,0,132,0,351.19,0,0
1944,19.0,Northeast,SaaS,201-1000,referral,6,2,7.41,1,8,1,876.99,0,2
1945,37.0,Midwest,Manufacturing,1-10,partner,8,5,10.06,1,12,2,382.01,1,2
1946,24.0,Midwest,Finance,11-50,referral,4,1,8.54,1,23,2,1072.76,0,2
1947,26.0,Midwest,Education,1-10,events,11,6,4.52,0,35,4,634.33,1,2
1948,65.0,West,E-commerce,51-200,events,7,2,9.64,2,12,3,1009.58,0,2
1949,18.0,West,Finance,11-50,referral,9,2,3.45,1,22,2,943.82,0,2
1950,34.0,West,SaaS,51-200,ads,6,1,6.56,0,196,1,804.97,0,0
1951,,Northeast,Finance,11-50,events,10,3,8.16,1,77,1,655.26,0,2
1952,49.0,West,E-commerce,51-200,web,11,1,9.71,3,21,1,223.06,1,1
1953,21.0,Northeast,Manufacturing,51-200,partner,10,2,10.66,3,33,2,515.48,0,2
1954,42.0,West,SaaS,1-10,events,6,3,9.3,1,22,2,631.52,0,1
1955,68.0,South,Finance,11-50,events,7,1,6.2,0,86,0,630.33,0,1
1956,38.0,Midwest,SaaS,51-200,web,13,2,7.78,1,117,2,283.05,0,0
1957,45.0,Northeast,Education,51-200,partner,5,8,6.99,0,35,2,664.93,0,2
1958,45.0,Northeast,Healthcare,1-10,partner,7,8,4.94,0,25,0,324.35,0,1
1959,52.0,Midwest,Manufacturing,51-200,web,12,2,6.25,1,32,0,715.64,0,2
1960,27.0,West,Finance,11-50,partner,6,6,10.46,2,19,1,993.86,1,2
1961,61.0,West,Healthcare,1-10,partner,10,5,7.92,0,6,1,592.72,0,1
1962,69.0,West,SaaS,1-10,events,8,2,11.03,0,60,2,515.87,1,1
1963,25.0,Northeast,Finance,51-200,web,4,5,4.12,1,98,2,721.04,0,2
1964,60.0,South,Healthcare,11-50,events,6,3,5.66,2,50,3,728.78,0,1
1965,60.0,Midwest,SaaS,51-200,ads,5,4,7.41,3,64,1,1151.36,0,2
1966,56.0,South,Finance,11-50,referral,6,1,8.13,3,92,1,518.51,0,1
1967,37.0,Midwest,E-commerce,201-1000,referral,3,2,6.24,2,47,3,588.71,0,1
1968,42.0,Midwest,E-commerce,11-50,partner,9,2,8.26,1,137,2,742.63,0,0
1969,61.0,South,SaaS,51-200,events,12,3,8.24,2,17,3,1116.79,0,2
1970,,Northeast,Healthcare,201-1000,referral,5,2,3.45,1,93,2,613.64,0,1
1971,61.0,South,E-commerce,11-50,events,8,1,8.16,2,24,3,848.15,1,1
1972,65.0,South,SaaS,1-10,partner,7,0,8.86,0,218,2,929.81,0,0
1973,53.0,Northeast,Healthcare,51-200,web,6,1,7.15,0,72,1,573.24,0,1
1974,35.0,West,E-commerce,1000+,ads,7,3,2.45,0,88,3,578.04,0,1
1975,47.0,South,SaaS,1000+,events,10,5,5.89,2,43,2,799.46,0,2
1976,20.0,West,Healthcare,11-50,web,10,4,,1,40,2,827.41,1,2
1977,66.0,South,SaaS,201-1000,web,8,1,4.6,2,72,4,368.46,0,1
1978,35.0,South,Manufacturing,11-50,web,8,2,8.52,0,24,4,622.7,1,2
1979,20.0,South,Healthcare,1-10,ads,12,4,8.11,3,20,1,418.22,0,2
1980,59.0,West,Manufacturing,51-200,web,8,2,6.8,2,8,2,525.76,0,1
1981,52.0,South,Manufacturing,51-200,events,5,4,6.54,1,1,5,650.32,1,1
1982,50.0,Midwest,Manufacturing,51-200,web,6,3,6.92,1,46,2,334.89,0,1
1983,20.0,Northeast,Finance,201-1000,web,7,3,6.49,2,26,3,666.5,0,2
1984,57.0,South,Healthcare,11-50,referral,2,5,3.67,3,9,1,299.73,1,1
1985,51.0,Northeast,Education,51-200,partner,4,2,5.55,2,28,1,1072.57,1,1
1986,59.0,Midwest,SaaS,11-50,events,4,3,6.66,0,323,2,785.77,1,0
1987,61.0,Northeast,Manufacturing,1-10,referral,10,3,9.62,4,3,2,498.31,1,1
1988,29.0,South,E-commerce,11-50,ads,5,3,8.02,2,22,3,120.36,0,1
1989,28.0,Northeast,SaaS,1000+,partner,9,3,,0,8,3,499.82,0,2
1990,66.0,South,E-commerce,51-200,partner,8,3,3.41,2,31,2,392.13,0,1
1991,45.0,West,E-commerce,1-10,web,9,2,5.72,2,130,2,513.2,0,0
1992,40.0,West,SaaS,51-200,events,10,3,11.06,0,11,4,1013.18,1,2
1993,32.0,Midwest,Education,1000+,events,5,0,4.87,1,105,1,53.92,0,1
1994,51.0,South,SaaS,1000+,partner,11,3,4.82,0,63,1,788.47,1,2
1995,57.0,South,,51-200,ads,6,2,5.9,3,44,1,658.16,0,1
1996,18.0,South,Healthcare,11-50,referral,11,3,10.94,3,46,3,472.66,0,2
1997,46.0,South,Education,51-200,events,6,0,5.02,1,52,1,210.17,0,1
1998,69.0,Northeast,Healthcare,201-1000,events,5,7,7.73,0,40,3,530.63,0,1
1999,32.0,West,SaaS,201-1000,ads,6,2,7.36,1,55,2,599.33,0,1
2000,32.0,Northeast,E-commerce,201-1000,partner,6,4,2.26,0,20,4,853.91,0,2
